-- MySQL dump 10.16  Distrib 10.1.44-MariaDB, for debian-linux-gnu (x86_64)
--
-- Host: localhost    Database: timby
-- ------------------------------------------------------
-- Server version	10.1.44-MariaDB-0ubuntu0.18.04.1

/*!40101 SET @OLD_CHARACTER_SET_CLIENT=@@CHARACTER_SET_CLIENT */;
/*!40101 SET @OLD_CHARACTER_SET_RESULTS=@@CHARACTER_SET_RESULTS */;
/*!40101 SET @OLD_COLLATION_CONNECTION=@@COLLATION_CONNECTION */;
/*!40101 SET NAMES utf8mb4 */;
/*!40103 SET @OLD_TIME_ZONE=@@TIME_ZONE */;
/*!40103 SET TIME_ZONE='+00:00' */;
/*!40014 SET @OLD_UNIQUE_CHECKS=@@UNIQUE_CHECKS, UNIQUE_CHECKS=0 */;
/*!40014 SET @OLD_FOREIGN_KEY_CHECKS=@@FOREIGN_KEY_CHECKS, FOREIGN_KEY_CHECKS=0 */;
/*!40101 SET @OLD_SQL_MODE=@@SQL_MODE, SQL_MODE='NO_AUTO_VALUE_ON_ZERO' */;
/*!40111 SET @OLD_SQL_NOTES=@@SQL_NOTES, SQL_NOTES=0 */;

--
-- Table structure for table `chatids`
--

DROP TABLE IF EXISTS `chatids`;
/*!40101 SET @saved_cs_client     = @@character_set_client */;
/*!40101 SET character_set_client = utf8 */;
CREATE TABLE `chatids` (
  `user` text NOT NULL,
  `chat_id` text NOT NULL
) ENGINE=InnoDB DEFAULT CHARSET=utf8mb4;
/*!40101 SET character_set_client = @saved_cs_client */;

--
-- Dumping data for table `chatids`
--

LOCK TABLES `chatids` WRITE;
/*!40000 ALTER TABLE `chatids` DISABLE KEYS */;
INSERT INTO `chatids` VALUES ('jdelrue','257053869'),('azertyalex','207769254'),('tchielens','980514048'),('SingleCore','288907598'),('JohnKarl','283716616'),('ivancoene','374569523'),('Kristofvanstappen','286944136'),('kendalf666','345004089'),('Jonaswijne','518176523'),('jasperSchreel','1084525255'),('deanverjans','806078317');
/*!40000 ALTER TABLE `chatids` ENABLE KEYS */;
UNLOCK TABLES;

--
-- Table structure for table `time_entries`
--

DROP TABLE IF EXISTS `time_entries`;
/*!40101 SET @saved_cs_client     = @@character_set_client */;
/*!40101 SET character_set_client = utf8 */;
CREATE TABLE `time_entries` (
  `begintime` int(11) NOT NULL,
  `lasttime` int(11) NOT NULL,
  `totaltime` int(11) NOT NULL,
  `user` text,
  `project` text,
  `ID` int(11) NOT NULL AUTO_INCREMENT,
  `type` varchar(255) DEFAULT NULL,
  PRIMARY KEY (`ID`)
) ENGINE=InnoDB AUTO_INCREMENT=1268 DEFAULT CHARSET=utf8mb4;
/*!40101 SET character_set_client = @saved_cs_client */;

--
-- Dumping data for table `time_entries`
--

LOCK TABLES `time_entries` WRITE;
/*!40000 ALTER TABLE `time_entries` DISABLE KEYS */;
INSERT INTO `time_entries` VALUES (1575891216,1575891293,77,'jdelrue','timby',1,'Local'),(1575891241,1575891301,60,'azertyalex','misc',2,'Local'),(1575891302,1575891302,0,'tchielens','misc',3,'Local'),(1575891361,1575891361,0,'SingleCore','misc',4,'Local'),(1575892321,1575892562,241,'JohnKarl','misc',5,'Local'),(1575892382,1575892502,120,'azertyalex','misc',6,'Local'),(1575892501,1575892501,0,'tchielens','misc',7,'Local'),(1575892549,1575892549,0,'jdelrue','misc',8,'Local'),(1575893313,1575897361,4048,'jdelrue','timby',9,'Local'),(1575893342,1575893581,239,'azertyalex','kimeru',10,'Local'),(1575893401,1575893401,0,'tchielens','wallet',11,'Local'),(1575893521,1575900002,6481,'SingleCore','3botconnect',12,'Local'),(1575893522,1575908401,14879,'JohnKarl','browser',13,'Local'),(1575893630,1575905342,11712,'azertyalex','kimeru',14,'Local'),(1575893702,1575894302,600,'tchielens','wallet',15,'Local'),(1575894602,1575894901,299,'tchielens','wallet',16,'Local'),(1575895201,1575895201,0,'tchielens','misc',17,'Local'),(1575895502,1575897301,1799,'tchielens','wallet',18,'Local'),(1575897531,1575910801,13270,'jdelrue','browser',19,'Local'),(1575897601,1575897601,0,'tchielens','misc',20,'Local'),(1575897901,1575897901,0,'tchielens','misc',21,'Local'),(1575898201,1575898201,0,'tchielens','misc',22,'Local'),(1575898502,1575911221,12719,'tchielens','wallet',23,'Local'),(1575900722,1575909601,8879,'SingleCore','3botconnect',24,'Local'),(1575906429,1575911882,5453,'azertyalex','kimeru',25,'Local'),(1575915782,1575916922,1140,'azertyalex','kimeru',26,'Local'),(1575915842,1575916322,480,'jdelrue','browser',27,'Local'),(1575918962,1575924721,5759,'jdelrue','timby',28,'Local'),(1575923702,1575925142,1440,'tchielens','wallet',29,'Local'),(1575924242,1575924961,719,'ivancoene','3bot',30,'Local'),(1575924989,1575925201,212,'ivancoene','3bot',31,'Local'),(1575925419,1575935520,10101,'ivancoene','3botconnect',32,'Local'),(1575925443,1575925443,0,'jdelrue','misc',33,'Local'),(1575953041,1575961441,8400,'ivancoene','wallet',34,'Local'),(1575962647,1575965280,233,'ivancoene','wallet',35,'Local'),(1575964802,1575978301,13499,'tchielens','wallet',36,'Local'),(1575965761,1575968400,2639,'ivancoene','wallet',37,'Local'),(1575966002,1575969601,3299,'jdelrue','timby',38,'Local'),(1575966017,1575999842,32025,'JohnKarl','browser',39,'Local'),(1575966721,1575996721,30000,'SingleCore','3botconnect',40,'Local'),(1575968479,1575968881,402,'ivancoene','wallet',41,'Local'),(1575969702,1575990722,19220,'jdelrue','browser',42,'Local'),(1575976503,1576002721,23518,'azertyalex','kimeru',43,'Local'),(1575979352,1575994622,15270,'tchielens','wallet',44,'Local'),(1575990923,1575999602,8679,'jdelrue','admin',45,'Local'),(1575991501,1575991800,299,'Kristofvanstappen','misc',46,'Local'),(1575995700,1575995700,0,'Kristofvanstappen','misc',47,'Local'),(1575996001,1575996300,299,'Kristofvanstappen','misc',48,'Local'),(1575996601,1575996901,300,'Kristofvanstappen','misc',49,'Local'),(1575997201,1575997501,300,'Kristofvanstappen','misc',50,'Local'),(1576008602,1576011121,2519,'azertyalex','kimeru',51,'Local'),(1576046640,1576049041,2401,'ivancoene','wallet',52,'Local'),(1576050842,1576082701,31859,'tchielens','wallet',53,'Local'),(1576051166,1576056961,5795,'ivancoene','wallet',54,'Local'),(1576053122,1576083122,30000,'SingleCore','3botconnect',55,'Local'),(1576053601,1576057202,3601,'jdelrue','admin',56,'Local'),(1576057296,1576070162,11666,'jdelrue','bliep',57,'Local'),(1576062030,1576065601,3571,'azertyalex','kimeru',58,'Local'),(1576064163,1576097042,32879,'JohnKarl','browser',59,'Local'),(1576065646,1576068482,2836,'azertyalex','browser',60,'Local'),(1576068541,1576103642,33301,'azertyalex','kimeru',61,'Local'),(1576070261,1576098722,28461,'jdelrue','browser',62,'Local'),(1576136642,1576145281,8639,'SingleCore','3botconnect',63,'Local'),(1576138683,1576170182,31499,'tchielens','wallet',64,'Local'),(1576140301,1576140301,0,'Kristofvanstappen','misc',65,'Local'),(1576141250,1576143123,1873,'JohnKarl','browser',66,'Local'),(1576142642,1576146961,4319,'jdelrue','misc',67,'Local'),(1576143601,1576143900,299,'Kristofvanstappen','admin',68,'Local'),(1576144201,1576144800,599,'Kristofvanstappen','misc',69,'Local'),(1576144693,1576162321,15828,'JohnKarl','browser',70,'Local'),(1576145101,1576145101,0,'Kristofvanstappen','misc',71,'Local'),(1576145401,1576145701,300,'Kristofvanstappen','misc',72,'Local'),(1576146001,1576146300,299,'Kristofvanstappen','misc',73,'Local'),(1576146601,1576146601,0,'Kristofvanstappen','misc',74,'Local'),(1576146901,1576147500,599,'Kristofvanstappen','misc',75,'Local'),(1576146941,1576151821,4280,'azertyalex','kimeru',76,'Local'),(1576147441,1576168321,20880,'SingleCore','3botconnect',77,'Local'),(1576147801,1576148101,300,'Kristofvanstappen','misc',78,'Local'),(1576148401,1576148700,299,'Kristofvanstappen','misc',79,'Local'),(1576149001,1576149600,599,'Kristofvanstappen','misc',80,'Local'),(1576149901,1576149901,0,'Kristofvanstappen','misc',81,'Local'),(1576150201,1576151100,899,'Kristofvanstappen','misc',82,'Local'),(1576151401,1576151700,299,'Kristofvanstappen','admin',83,'Local'),(1576152001,1576152300,299,'Kristofvanstappen','misc',84,'Local'),(1576152601,1576152900,299,'Kristofvanstappen','misc',85,'Local'),(1576153201,1576153500,299,'Kristofvanstappen','misc',86,'Local'),(1576153801,1576154400,599,'Kristofvanstappen','misc',87,'Local'),(1576154701,1576154701,0,'Kristofvanstappen','misc',88,'Local'),(1576155001,1576155001,0,'Kristofvanstappen','misc',89,'Local'),(1576155601,1576155900,299,'Kristofvanstappen','misc',90,'Local'),(1576156200,1576156200,0,'Kristofvanstappen','misc',91,'Local'),(1576156501,1576156800,299,'Kristofvanstappen','misc',92,'Local'),(1576157101,1576157401,300,'Kristofvanstappen','misc',93,'Local'),(1576157918,1576158300,382,'Kristofvanstappen','misc',94,'Local'),(1576158601,1576158901,300,'Kristofvanstappen','misc',95,'Local'),(1576159201,1576159500,299,'Kristofvanstappen','misc',96,'Local'),(1576159803,1576160100,297,'Kristofvanstappen','admin',97,'Local'),(1576160401,1576161000,599,'Kristofvanstappen','misc',98,'Local'),(1576161301,1576161900,599,'Kristofvanstappen','misc',99,'Local'),(1576161397,1576171682,9985,'azertyalex','kimeru',100,'Local'),(1576162201,1576162201,0,'Kristofvanstappen','misc',101,'Local'),(1576162501,1576162800,299,'Kristofvanstappen','misc',102,'Local'),(1576163101,1576163101,0,'Kristofvanstappen','misc',103,'Local'),(1576163401,1576163700,299,'Kristofvanstappen','misc',104,'Local'),(1576164001,1576164900,899,'Kristofvanstappen','misc',105,'Local'),(1576165201,1576165800,599,'Kristofvanstappen','misc',106,'Local'),(1576166101,1576166101,0,'Kristofvanstappen','misc',107,'Local'),(1576192562,1576199041,6479,'azertyalex','kimeru',108,'Local'),(1576223282,1576245601,22319,'JohnKarl','browser',109,'Local'),(1576223403,1576254002,30599,'tchielens','wallet',110,'Local'),(1576226401,1576251601,25200,'SingleCore','3botconnect',111,'Local'),(1576226882,1576226882,0,'jdelrue','misc',112,'Local'),(1576227362,1576229042,1680,'jdelrue','admin',113,'Local'),(1576228802,1576244161,15359,'Kristofvanstappen','admin',114,'Local'),(1576229521,1576247761,18240,'jdelrue','browser',115,'Local'),(1576232609,1576235401,2192,'azertyalex','kimeru',116,'Local'),(1576238402,1576249142,10740,'azertyalex','kimeru',117,'Local'),(1576246321,1576252560,6239,'Kristofvanstappen','wallet',118,'Local'),(1576247790,1576253042,5252,'jdelrue','3botconnect',119,'Local'),(1576249501,1576254602,5101,'azertyalex','misc',120,'Local'),(1576254626,1576259701,5075,'azertyalex','browser',121,'Local'),(1576395122,1576399202,4080,'jdelrue','browser',122,'Local'),(1576400642,1576401841,1199,'jdelrue','browser',123,'Local'),(1576410496,1576412641,2145,'azertyalex','browser',124,'Local'),(1576413361,1576416121,2760,'azertyalex','browser',125,'Local'),(1576479146,1576510321,29375,'JohnKarl','browser',126,'Local'),(1576483560,1576485241,1681,'Kristofvanstappen','admin',127,'Local'),(1576484079,1576485841,562,'ivancoene','ifan',128,'Local'),(1576484402,1576492322,7920,'jdelrue','admin',129,'Local'),(1576485004,1576513261,25857,'tchielens','wallet',130,'Local'),(1576486074,1576488240,2166,'ivancoene','3botconnect',131,'Local'),(1576487410,1576496701,8811,'azertyalex','browser',132,'Local'),(1576488481,1576489800,1319,'Kristofvanstappen','browser',133,'Local'),(1576488720,1576491840,2220,'ivancoene','3botconnect',134,'Local'),(1576485146,0,3600,'JohnKarl','browser',135,'Manual'),(1576489897,1576493041,3144,'Kristofvanstappen','admin',136,'Local'),(1576492473,1576494961,2488,'ivancoene','3botconnect',137,'Local'),(1576493423,1576495440,2017,'Kristofvanstappen','misc',138,'Local'),(1576490534,0,4800,'jdelrue','admin',139,'Manual'),(1576497630,1576509601,11971,'jdelrue','3botconnect',140,'Local'),(1576497961,1576511040,13079,'Kristofvanstappen','admin',141,'Local'),(1576499582,1576501622,2040,'azertyalex','browser',142,'Local'),(1576499761,1576519681,19920,'ivancoene','3botconnect',143,'Local'),(1576502044,1576506421,3777,'azertyalex','misc',144,'Local'),(1576506842,1576520942,14100,'azertyalex','browser',145,'Local'),(1576568223,1576593662,25439,'tchielens','freeflowpages',146,'Local'),(1576570619,1576571042,423,'jdelrue','admin',147,'Local'),(1576571206,1576588802,17596,'jdelrue','browser',148,NULL),(1576572000,1576572960,960,'ivancoene','3botconnect',149,'Local'),(1576572242,1576595041,22799,'JohnKarl','browser',150,'Local'),(1576573205,1576573441,236,'ivancoene','3botconnect',151,NULL),(1576573793,1576596001,22208,'ivancoene','3botconnect',152,'Local'),(1576576142,1576597202,21060,'azertyalex','browser',153,'Local'),(1576569298,0,7200,'JohnKarl','browser',154,'Manual'),(1576589281,1576591202,1921,'jdelrue','admin',155,'Local'),(1576591681,1576602001,10320,'jdelrue','admin',156,'Local'),(1576593713,1576600861,5348,'tchielens','wallet',157,NULL),(1576597234,1576600322,3088,'azertyalex','3botconnect',158,NULL),(1576598761,1576604881,6120,'Kristofvanstappen','admin',159,'VPN'),(1576655040,1576657441,2401,'ivancoene','3botconnect',160,'Local'),(1576657562,1576658762,1200,'tchielens','admin',161,'Local'),(1576659232,1576660801,1569,'ivancoene','misc',162,'Local'),(1576659480,1576685161,25681,'Kristofvanstappen','admin',163,'Local'),(1576660202,1576665361,5159,'tchielens','admin',164,'Local'),(1576660986,1576697520,36534,'ivancoene','3botconnect',165,NULL),(1576665380,1576685521,20141,'tchielens','wallet',166,NULL),(1576668704,1576671481,2777,'azertyalex','3botconnect',167,'Local'),(1576671496,1576678502,7006,'azertyalex','browser',168,NULL),(1576676641,1576693682,17041,'jdelrue','admin',169,'Local'),(1576678536,1576690741,11605,'azertyalex','misc',170,NULL),(1576693818,1576700881,7063,'jdelrue','browser',171,NULL),(1576697848,1576697848,0,'ivancoene','misc',172,'Local'),(1576741854,1576773121,31267,'ivancoene','3botconnect',173,'Local'),(1576743723,1576771681,27958,'tchielens','wallet',174,'Local'),(1576745042,1576763764,18722,'jdelrue','admin',175,'Local'),(1576752092,1576767422,15330,'azertyalex','browser',176,'Local'),(1576764241,1576773122,8881,'jdelrue','browser',177,'Local'),(1576767467,1576770662,3195,'azertyalex','3botconnect',178,NULL),(1576767129,0,2400,'Kristofvanstappen','admin',179,'Manual'),(1576770961,1576772640,1679,'Kristofvanstappen','3botconnect',180,'VPN'),(1576767401,0,3600,'Kristofvanstappen','admin',181,'Manual'),(1576772678,1576774201,1523,'Kristofvanstappen','admin',182,NULL),(1576772794,1576773422,628,'azertyalex','3botconnect',183,'VPN'),(1576773959,1576774921,962,'azertyalex','3botconnect',184,'VPN'),(1576773916,0,60,'azertyalex','timby',185,'Manual'),(1576793282,1576795263,1981,'azertyalex','3botconnect',186,'VPN'),(1576825321,1576827840,2519,'Kristofvanstappen','admin',187,'VPN'),(1576827857,1576827857,0,'Kristofvanstappen','3botconnect',188,NULL),(1576829281,1576830241,960,'jdelrue','3botconnect',189,'Local'),(1576829390,1576863001,33611,'Kristofvanstappen','3botconnect',190,'VPN'),(1576830121,1576867441,37320,'tchielens','wallet',191,'Local'),(1576830721,1576831443,722,'jdelrue','3botconnect',192,'Local'),(1576831921,1576840143,8222,'jdelrue','3botconnect',193,'Local'),(1576832613,1576837382,4769,'azertyalex','3botconnect',194,'Local'),(1576834564,1576854483,19919,'JohnKarl','browser',195,'Local'),(1576837432,1576837502,70,'azertyalex','browser',196,NULL),(1576837560,1576870081,31621,'azertyalex','3botconnect',197,NULL),(1576839951,1576840103,152,'ivancoene','misc',198,'Local'),(1576840502,1576843742,3240,'jdelrue','3botconnect',199,'Local'),(1576841090,1576849440,8350,'ivancoene','3botconnect',200,'Local'),(1576844102,1576851481,7379,'jdelrue','3botconnect',201,'Local'),(1576846861,1576846861,0,'azertyalex','browser',202,NULL),(1576850161,1576864320,14159,'ivancoene','3botconnect',203,'Local'),(1576851842,1576875781,23939,'jdelrue','3botconnect',204,'Local'),(1576864081,1576872121,8040,'Kristofvanstappen','3botconnect',205,'VPN'),(1576864866,1576879921,15055,'ivancoene','3botconnect',206,'Local'),(1576870116,1576875841,5725,'azertyalex','3botconnect',207,NULL),(1577082241,1577088480,6239,'ivancoene','3botconnect',208,'Local'),(1577082831,1577092683,9852,'jdelrue','3botconnect',209,'Local'),(1577085001,1577091480,6479,'Kristofvanstappen','admin',210,'VPN'),(1577088303,1577116922,27419,'tchielens','wallet',211,'Local'),(1577088840,1577113241,24401,'ivancoene','3botconnect',212,'Local'),(1577093041,1577109422,16381,'jdelrue','3botconnect',213,'Local'),(1577099410,1577116681,17271,'azertyalex','misc',214,'Local'),(1577109721,1577111521,1800,'Kristofvanstappen','admin',215,'VPN'),(1577109782,1577110502,720,'jdelrue','3botconnect',216,'Local'),(1577111943,1577113023,1080,'jdelrue','3botconnect',217,'VPN'),(1577129161,1577129881,720,'Kristofvanstappen','admin',218,'VPN'),(1577133601,1577136722,3121,'azertyalex','browser',219,'VPN'),(1577135522,1577137501,1979,'jdelrue','3botconnect',220,'VPN'),(1577137202,1577151121,13739,'azertyalex','browser',221,'VPN'),(1577166241,1577172720,6479,'ivancoene','3botconnect',222,'VPN'),(1577170080,1577171760,1680,'Kristofvanstappen','admin',223,'VPN'),(1577172097,1577172120,23,'Kristofvanstappen','misc',224,'VPN'),(1577172565,1577172600,35,'Kristofvanstappen','misc',225,'VPN'),(1577172602,1577186042,13440,'tchielens','wallet',226,'Local'),(1577172944,1577172961,17,'Kristofvanstappen','misc',227,'VPN'),(1577173137,1577175601,2464,'ivancoene','3botconnect',228,'VPN'),(1577175941,1577176320,379,'ivancoene','misc',229,'VPN'),(1577177041,1577177161,120,'Kristofvanstappen','misc',230,'VPN'),(1577181707,1577182201,494,'Kristofvanstappen','admin',231,'VPN'),(1577187602,1577192281,4079,'azertyalex','misc',232,'VPN'),(1577206464,1577206560,96,'ivancoene','misc',233,'VPN'),(1577299320,1577299440,120,'Kristofvanstappen','misc',234,'VPN'),(1577343720,1577359922,16202,'Kristofvanstappen','admin',235,'VPN'),(1577346301,1577375647,29346,'jdelrue','3botconnect',236,'Local'),(1577348645,1577377201,28556,'tchielens','wallet',237,'Local'),(1577353201,1577353201,0,'ivancoene','misc',238,'VPN'),(1577354160,1577355361,1201,'ivancoene','3botconnect',239,'VPN'),(1577361481,1577368681,7200,'Kristofvanstappen','admin',240,'VPN'),(1577365921,1577377322,7201,'azertyalex','browser',241,'VPN'),(1577369040,1577369040,0,'Kristofvanstappen','misc',242,'VPN'),(1577369400,1577369521,121,'Kristofvanstappen','admin',243,'VPN'),(1577369580,1577376120,6540,'Kristofvanstappen','admin',244,NULL),(1577385120,1577385721,601,'Kristofvanstappen','misc',245,'VPN'),(1577426624,1577436000,9376,'ivancoene','3botconnect',246,'Local'),(1577435037,1577463001,27964,'tchielens','wallet',247,'Local'),(1577435401,1577458621,23220,'jdelrue','3botconnect',248,'Local'),(1577436000,1577438161,2161,'Kristofvanstappen','3botconnect',249,'Local'),(1577436599,1577448241,11642,'ivancoene','3botconnect',250,'Local'),(1577440201,1577445961,5760,'Kristofvanstappen','admin',251,'Local'),(1577440322,1577451242,10320,'azertyalex','browser',252,'VPN'),(1577449123,1577462280,13157,'Kristofvanstappen','admin',253,'Local'),(1577455682,1577458561,2879,'azertyalex','vlaio',254,'VPN'),(1577458620,1577464442,5822,'azertyalex','browser',255,NULL),(1577476261,1577481122,4861,'jdelrue','3botconnect',256,'VPN'),(1577522522,1577528101,5579,'jdelrue','3botconnect',257,'VPN'),(1577529901,1577530982,1081,'jdelrue','misc',258,'VPN'),(1577687581,1577690822,3241,'jdelrue','3botconnect',259,'VPN'),(1577692262,1577707562,15300,'jdelrue','3botconnect',260,'Local'),(1577695348,1577720642,25294,'tchielens','wallet',261,'Local'),(1577700185,1577720461,18476,'azertyalex','3botconnect',262,'Local'),(1577767920,1577771041,3121,'ivancoene','3botconnect',263,'VPN'),(1577780160,1577781841,1681,'ivancoene','3botconnect',264,'VPN'),(1577780281,1577788562,8281,'jdelrue','3botconnect',265,'VPN'),(1577784961,1577788801,3840,'ivancoene','3botconnect',266,'VPN'),(1577785849,0,1800,'azertyalex','3botconnect',267,'Manual'),(1577951641,1577982421,30780,'jdelrue','3botconnect',268,'Local'),(1577952120,1577952120,0,'Kristofvanstappen','misc',269,'Local'),(1577952586,1577954881,2295,'Kristofvanstappen','admin',270,'Local'),(1577953502,1577955962,2460,'tchielens','wallet',271,'Local'),(1577955205,1577964241,9036,'Kristofvanstappen','admin',272,'Local'),(1577956081,1577957761,1680,'JohnKarl','wallet',273,'Local'),(1577956089,1577986320,30231,'ivancoene','3botconnect',274,'Local'),(1577957886,1577958073,187,'tchielens','admin',275,'Local'),(1577957957,1577983202,25245,'JohnKarl','browser',276,NULL),(1577958399,1577958495,96,'tchielens','admin',277,'Local'),(1577959742,1577964062,4320,'tchielens','admin',278,'Local'),(1577966145,1577972882,6737,'tchielens','wallet',279,'Local'),(1577966161,1577981521,15360,'Kristofvanstappen','admin',280,'Local'),(1577973542,1577976902,3360,'tchielens','wallet',281,'Local'),(1578032102,1578067382,35280,'jdelrue','3botconnect',282,'Local'),(1578033586,1578037081,3495,'azertyalex','browser',283,'Local'),(1578034920,1578065881,30961,'Kristofvanstappen','admin',284,'VPN'),(1578037122,1578042961,5839,'azertyalex','misc',285,NULL),(1578039259,1578062880,23621,'ivancoene','3botconnect',286,'Local'),(1578042285,1578068402,26117,'JohnKarl','browser',287,'Local'),(1578043008,1578047642,4634,'azertyalex','3botconnect',288,NULL),(1578044401,1578044401,0,'tchielens','wallet',289,'Local'),(1578038474,0,6000,'tchielens','wallet',290,'Manual'),(1578044701,1578044701,0,'tchielens','misc',291,'Local'),(1578045002,1578045602,600,'tchielens','wallet',292,'Local'),(1578046502,1578046502,0,'tchielens','misc',293,'Local'),(1578046802,1578046802,0,'tchielens','misc',294,'Local'),(1578047102,1578047102,0,'tchielens','misc',295,'Local'),(1578047402,1578047402,0,'tchielens','misc',296,'Local'),(1578047686,1578052742,5056,'azertyalex','browser',297,NULL),(1578047702,1578047702,0,'tchielens','misc',298,'Local'),(1578048002,1578048002,0,'tchielens','misc',299,'Local'),(1578048303,1578049201,898,'tchielens','wallet',300,'Local'),(1578049501,1578049501,0,'tchielens','misc',301,'Local'),(1578049801,1578049801,0,'tchielens','misc',302,'Local'),(1578050102,1578053162,3060,'tchielens','wallet',303,'Local'),(1578052777,1578058682,5905,'azertyalex','3botconnect',304,NULL),(1578054902,1578069601,14699,'tchielens','wallet',305,'Local'),(1578058704,1578073562,12458,'azertyalex','browser',306,NULL),(1578143915,0,36000,'jdelrue','3botconnect',307,'Manual'),(1578180295,0,3600,'azertyalex','3botconnect',308,'Manual'),(1578182934,0,3600,'azertyalex','3botconnect',309,'Manual'),(1578291886,1578308101,16215,'azertyalex','3botconnect',310,'Local'),(1578297002,1578308222,11220,'tchielens','wallet',311,'Local'),(1578297842,1578319921,22079,'JohnKarl','browser',312,'Local'),(1578298142,1578323701,25559,'jdelrue','3botconnect',313,'Local'),(1578298394,1578322801,24407,'ivancoene','3botconnect',314,'Local'),(1578298441,1578298441,0,'Kristofvanstappen','misc',315,'VPN'),(1578299401,1578299401,0,'Kristofvanstappen','misc',316,'VPN'),(1578308119,1578313201,5082,'azertyalex','browser',317,NULL),(1578311280,1578329281,18001,'Kristofvanstappen','admin',318,'Local'),(1578312024,1578330901,18877,'tchielens','wallet',319,'Local'),(1578313249,1578328922,15673,'azertyalex','3botconnect',320,NULL),(1578320401,1578325202,4801,'JohnKarl','browser',321,'Local'),(1578320546,1578320546,0,'kendalf666','3botconnect',322,'Local'),(1578320853,1578320853,0,NULL,'misc',323,'Local'),(1578321241,1578331982,10681,'kendalf666','3botconnect',324,'Local'),(1578304090,0,19200,'kendalf666','3botconnect',325,'Manual'),(1578322728,0,600,'kendalf666','3botconnect',326,'Manual'),(1578328941,1578335942,7001,'azertyalex','browser',327,NULL),(1578329102,1578339182,10080,'jdelrue','3botconnect',328,'VPN'),(1578335920,0,3600,'tchielens','wallet',329,'Manual'),(1578339541,1578342902,3361,'tchielens','wallet',330,'VPN'),(1578349948,0,3600,'azertyalex','3botconnect',331,'Manual'),(1578383283,1578410882,25799,'JohnKarl','browser',332,'Local'),(1578383566,1578411600,28034,'ivancoene','3botconnect',333,'Local'),(1578384767,1578396061,11294,'tchielens','wallet',334,'Local'),(1578386522,1578403802,17280,'jdelrue','3botconnect',335,'Local'),(1578388081,1578406561,18480,'Kristofvanstappen','admin',336,'VPN'),(1578396414,1578417241,20827,'tchielens','wallet',337,'Local'),(1578396782,1578407041,10259,'kendalf666','3botconnect',338,'Local'),(1578402223,1578417482,13459,'azertyalex','3botconnect',339,'Local'),(1578404702,1578411902,7200,'jdelrue','3botconnect',340,'Local'),(1578407068,1578421442,14374,'kendalf666','3bot',341,NULL),(1578413401,1578414001,600,'Kristofvanstappen','admin',342,'VPN'),(1578414481,1578415561,1080,'Kristofvanstappen','admin',343,'VPN'),(1578415876,1578416401,525,'ivancoene','3botconnect',344,'VPN'),(1578421440,1578421560,120,'Kristofvanstappen','admin',345,'VPN'),(1578421843,1578421921,78,'Kristofvanstappen','3botconnect',346,NULL),(1578423121,1578434400,11279,'ivancoene','3botconnect',347,'VPN'),(1578423122,1578425642,2520,'tchielens','wallet',348,'VPN'),(1578470404,1578496262,25858,'azertyalex','browser',349,'Local'),(1578471782,1578504302,32520,'tchielens','wallet',350,'Local'),(1578443957,0,28800,'jdelrue','3botconnect',351,'Manual'),(1578473282,1578501841,28559,'JohnKarl','browser',352,'Local'),(1578466698,0,7200,'ivancoene','3botconnect',353,'Manual'),(1578481201,1578508202,27001,'jdelrue','3botconnect',354,'VPN'),(1578482041,1578483721,1680,'Kristofvanstappen','admin',355,'VPN'),(1578483127,1578497041,13914,'ivancoene','3botconnect',356,'Local'),(1578484175,1578503881,19706,'Kristofvanstappen','admin',357,'VPN'),(1578496268,1578504301,8033,'azertyalex','3botconnect',358,NULL),(1578497619,1578504001,6382,'ivancoene','3botconnect',359,'Local'),(1578504002,1578504242,240,'SingleCore','3botconnect',360,'Local'),(1578508442,1578512041,3599,'tchielens','wallet',361,'VPN'),(1578551283,1578581282,29999,'JohnKarl','browser',362,'Local'),(1578553235,1578558241,5006,'ivancoene','3botconnect',363,'Local'),(1578557042,1578568081,11039,'tchielens','wallet',364,'Local'),(1578557161,1578587041,29880,'jdelrue','3botconnect',365,'Local'),(1578558567,1578558721,154,'ivancoene','misc',366,'Local'),(1578559680,1578582840,23160,'Kristofvanstappen','admin',367,'VPN'),(1578559921,1578581282,21361,'ivancoene','3botconnect',368,'Local'),(1578562562,1578587401,24839,'SingleCore','3botconnect',369,'Local'),(1578566041,1578573181,7140,'azertyalex','browser',370,'Local'),(1578574244,1578582842,8598,'tchielens','wallet',371,'Local'),(1578574262,1578583862,9600,'azertyalex','browser',372,'Local'),(1578637622,1578638881,1259,'jdelrue','misc',373,'VPN'),(1578640716,1578646322,5606,'JohnKarl','browser',374,'VPN'),(1578643441,1578655921,12480,'Kristofvanstappen','admin',375,'VPN'),(1578639997,0,3600,'Kristofvanstappen','admin',376,'Manual'),(1578644042,1578655562,11520,'tchielens','wallet',377,'Local'),(1578644827,1578665881,21054,'jdelrue','3botconnect',378,'Local'),(1578649203,1578664082,14879,'JohnKarl','browser',379,'Local'),(1578649321,1578671761,22440,'SingleCore','3botconnect',380,'Local'),(1578654372,1578684242,26270,'azertyalex','browser',381,'Local'),(1578656379,1578677401,21022,'tchielens','wallet',382,'Local'),(1578657360,1578677640,20280,'Kristofvanstappen','3botconnect',383,'VPN'),(1578670082,1578673441,3359,'JohnKarl','browser',384,'Local'),(1578665667,0,7200,'ivancoene','misc',385,'Manual'),(1578647733,0,25200,'ivancoene','3bot',386,'Manual'),(1578675887,1578675887,0,'ivancoene','misc',387,'Local'),(1578679939,1578692702,12763,'jdelrue','3botconnect',388,'Local'),(1578681073,1578692702,11629,'tchielens','wallet',389,'Local'),(1578738841,1578738841,0,'Kristofvanstappen','misc',390,'VPN'),(1578762121,1578762121,0,'Kristofvanstappen','misc',391,'VPN'),(1578834120,1578834360,240,'Kristofvanstappen','misc',392,'VPN'),(1578899051,1578909600,10549,'ivancoene','3bot',393,'Local'),(1578900482,1578936722,36240,'JohnKarl','browser',394,'Local'),(1578902735,1578913501,10766,'tchielens','wallet',395,'Local'),(1578903844,1578918421,14577,'jdelrue','3botconnect',396,'Local'),(1578904081,1578907201,3120,'Kristofvanstappen','admin',397,'Local'),(1578904861,1578935222,30361,'SingleCore','3botconnect',398,'Local'),(1578907310,1578939661,30851,'kendalf666','3bot',399,'Local'),(1578906520,0,900,'kendalf666','3bot',400,'Manual'),(1578908037,1578908042,5,'jonaswijne','misc',401,'Local'),(1578908161,1578925801,17640,'Kristofvanstappen','admin',402,'Local'),(1578909819,1578921360,11541,'ivancoene','3botconnect',403,NULL),(1578910562,1578924722,14160,'jonaswijne','PKID',404,'Local'),(1578911929,1578944281,32352,'azertyalex','browser',405,'Local'),(1578915722,1578934862,19140,'tchielens','wallet',406,'Local'),(1578921543,1578928321,6778,'ivancoene','3bot',407,NULL),(1578924916,1578934801,9885,'Jonaswijne','misc',408,NULL),(1578926161,1578932280,6119,'Kristofvanstappen','admin',409,'Local'),(1578932651,1578932761,110,'Kristofvanstappen','misc',410,'Local'),(1578953402,1578955681,2279,'tchielens','wallet',411,'VPN'),(1578951023,0,5400,'azertyalex','3botconnect',412,'Manual'),(1578956586,0,5400,'azertyalex','3botconnect',413,'Manual'),(1578984483,1578987122,2639,'jonaswijne','misc',414,'Local'),(1578987602,1579000802,13200,'jonaswijne','misc',415,'Local'),(1578987602,1579013281,24779,'JohnKarl','browser',416,'Local'),(1578988552,1579014001,25449,'ivancoene','3botconnect',417,'Local'),(1578990842,1579020122,29280,'tchielens','wallet',418,'Local'),(1578991142,1579012202,21060,'jdelrue','vlaio',419,'Local'),(1578992521,1579023121,30600,'Kristofvanstappen','admin',420,'VPN'),(1578994503,1578995342,839,'kendalf666','3bot',421,'Local'),(1578986312,0,8400,'kendalf666','3bot',422,'Manual'),(1578995041,1579020002,24961,'SingleCore','3botconnect',423,'Local'),(1578995661,1578996139,478,'kendalf666','3bot',424,'Local'),(1578995872,1579000681,4809,'azertyalex','browser',425,'Local'),(1578996630,1578996878,248,'kendalf666','3bot',426,'Local'),(1578997389,1579004593,7204,'kendalf666','3bot',427,'Local'),(1579000722,1579013762,13040,'azertyalex','3botconnect',428,NULL),(1579001522,1579011362,9840,'jonaswijne','pkid',429,'Local'),(1579012257,1579023386,11129,'kendalf666','3bot',430,'Local'),(1579016671,1579022881,6210,'jonaswijne','pkid',431,'Local'),(1579018561,1579020602,2041,'azertyalex','browser',432,'VPN'),(1579023615,1579025521,106,'jonaswijne','pkid',433,'Local'),(1579023806,1579025631,1825,'kendalf666','3bot',434,'Local'),(1579024132,0,1200,'Jonaswijne','misc',435,'Manual'),(1579019364,0,6000,'Jonaswijne','misc',436,'Manual'),(1579031402,1579036381,4979,'SingleCore','3botconnect',437,'VPN'),(1579041275,1579046230,4955,'kendalf666','misc',438,'Local'),(1579070643,1579087501,16858,'jonaswijne','pkid',439,'Local'),(1579073523,1579099921,26398,'JohnKarl','browser',440,'Local'),(1579075322,1579087322,12000,'tchielens','wallet',441,'Local'),(1579075440,1579109281,33841,'Kristofvanstappen','admin',442,'VPN'),(1579077361,1579114262,36901,'jdelrue','vlaio',443,'Local'),(1579080236,1579080430,194,'kendalf666','3bot',444,'Local'),(1579080720,1579100640,19920,'ivancoene','wallet',445,'Local'),(1579080963,1579104722,23759,'SingleCore','3botconnect',446,'Local'),(1579081643,1579106422,20279,'kendalf666','3bot',447,'Local'),(1579084802,1579093442,8640,'azertyalex','browser',448,'Local'),(1579082394,0,2700,'azertyalex','3botconnect',449,'Manual'),(1579087911,1579114622,26711,'tchielens','wallet',450,'Local'),(1579094703,1579111382,16679,'azertyalex','browser',451,'Local'),(1579088920,0,6000,'azertyalex','vlaio',452,'Manual'),(1579096400,1579104781,6581,'jonaswijne','pkid',453,'Local'),(1579105270,1579105502,232,'jonaswijne','misc',454,'Local'),(1579106028,1579106351,323,'jonaswijne','misc',455,'Local'),(1579111921,1579112281,360,'Kristofvanstappen','misc',456,'VPN'),(1579127314,0,7200,'Jonaswijne','pkid',457,'Manual'),(1579157601,1579189440,31839,'ivancoene','3bot',458,'Local'),(1579159922,1579188961,29039,'JohnKarl','browser',459,'Local'),(1579162226,1579173002,10776,'jonaswijne','pkid',460,'Local'),(1579163461,1579173001,9540,'tchielens','wallet',461,'Local'),(1579165958,1579189373,23415,'kendalf666','3bot',462,'Local'),(1579171502,1579181581,8279,'jdelrue','vlaio',463,'VPN'),(1579171801,1579174081,2280,'Kristofvanstappen','admin',464,'VPN'),(1579172191,1579182422,10231,'SingleCore','3botconnect',465,'VPN'),(1579173841,1579183082,9241,'tchielens','wallet',466,'Local'),(1579173961,1579189381,15420,'jonaswijne','pkid',467,'Local'),(1579175036,1579177922,2886,'azertyalex','browser',468,'Local'),(1579177970,1579189381,11411,'azertyalex','3botconnect',469,NULL),(1579178280,1579192441,14161,'Kristofvanstappen','admin',470,'VPN'),(1579183201,1579186261,3060,'jdelrue','vlaio',471,'VPN'),(1579183654,1579196402,12748,'tchielens','wallet',472,'Local'),(1579184402,1579188422,4020,'SingleCore','3botconnect',473,'VPN'),(1579188422,1579189862,1440,'jdelrue','vlaio',474,'VPN'),(1579191602,1579191602,0,'jonaswijne','misc',475,'Local'),(1579210922,1579212422,1500,'tchielens','wallet',476,'VPN'),(1579211642,1579213622,1980,'SingleCore','3botconnect',477,'VPN'),(1579247322,1579277282,29960,'JohnKarl','browser',478,'Local'),(1579248573,1579257422,8849,'jonaswijne','wallet',479,'Local'),(1579248720,1579251361,2641,'ivancoene','3bot',480,'Local'),(1579251662,1579259641,7979,'tchielens','wallet',481,'Local'),(1579251672,1579255681,4009,'ivancoene','3botconnect',482,'Local'),(1579252921,1579255238,2317,'Kristofvanstappen','misc',483,'VPN'),(1579253156,1579263721,10565,'SingleCore','3botconnect',484,'Local'),(1579256161,1579256161,0,'ivancoene','misc',485,'Local'),(1579256312,1579271877,15565,'kendalf666','3bot',486,'Local'),(1579256641,1579256641,0,'ivancoene','misc',487,'Local'),(1579257120,1579269635,12515,'ivancoene','3botconnect',488,'Local'),(1579257781,1579258802,1021,'jonaswijne','wallet',489,'Local'),(1579258478,1579281609,23131,'azertyalex','browser',490,'Local'),(1579260485,1579276982,16497,'jonaswijne','wallet',491,'Local'),(1579260903,1579279201,18298,'tchielens','wallet',492,'Local'),(1579264262,1579264442,180,'SingleCore','3botconnect',493,'Local'),(1579264801,1579279142,14341,'SingleCore','3botconnect',494,'Local'),(1579270045,1579271760,1715,'ivancoene','misc',495,'Local'),(1579272122,1579279861,7739,'jdelrue','admin',496,'Local'),(1579272201,1579281897,9696,'kendalf666','3bot',497,'Local'),(1579272354,1579274880,2526,'ivancoene','misc',498,'Local'),(1579273201,1579279801,6600,'Kristofvanstappen','admin',499,'Local'),(1579275337,1579275337,0,'ivancoene','misc',500,'Local'),(1579281361,1579281480,119,'Kristofvanstappen','misc',501,'Local'),(1579281611,1579281662,51,'jonaswijne','misc',502,'Local'),(1579283640,1579284241,601,'Kristofvanstappen','misc',503,'Local'),(1579284146,1579286162,2016,'jonaswijne','misc',504,'Local'),(1579284490,1579284495,5,'kendalf666','misc',505,'Local'),(1579285622,1579290482,4860,'jdelrue','misc',506,'Local'),(1579503360,1579515120,11760,'ivancoene','3botconnect',507,'Local'),(1579507684,1579519081,11397,'jonaswijne','pkid',508,'Local'),(1579507922,1579519201,11279,'tchielens','wallet',509,'Local'),(1579508162,1579535761,27599,'JohnKarl','browser',510,'Local'),(1579508281,1579521481,13200,'Kristofvanstappen','admin',511,'VPN'),(1579508281,1579508461,180,'jdelrue','misc',512,'Local'),(1579508822,1579533122,24300,'jdelrue','admin',513,'Local'),(1579512170,1579517743,5573,'kendalf666','misc',514,'Local'),(1579512242,1579536662,24420,'SingleCore','3botconnect',515,'Local'),(1579515782,1579532881,17099,'ivancoene','3botconnect',516,'Local'),(1579518073,1579527769,9696,'kendalf666','3bot',517,'Local'),(1579520261,1579525082,4821,'tchielens','wallet',518,'Local'),(1579520269,1579539542,19273,'jonaswijne','pkid',519,'Local'),(1579520692,1579522622,1930,'azertyalex','browser',520,'Local'),(1579523014,1579526042,3028,'azertyalex','3botconnect',521,'Local'),(1579526092,1579545962,19870,'azertyalex','kimeru',522,NULL),(1579527773,1579539866,12093,'kendalf666','3botconnect',523,NULL),(1579528368,1579539241,10873,'tchielens','wallet',524,'Local'),(1579528680,1579536000,7320,'Kristofvanstappen','admin',525,'VPN'),(1579540200,1579541521,1321,'Kristofvanstappen','admin',526,'VPN'),(1579547281,1579549441,2160,'Kristofvanstappen','admin',527,'VPN'),(1579557071,1579570692,13621,'azertyalex','kimeru',528,'VPN'),(1579560369,1579560446,77,'kendalf666','misc',529,'VPN'),(1579571862,0,600,'azertyalex','kimeru',530,'Manual'),(1579571398,0,1200,'azertyalex','kimeru',531,'Manual'),(1579589761,1579619766,30005,'ivancoene','3botconnect',532,'Local'),(1579591923,1579621202,29279,'JohnKarl','browser',533,'Local'),(1579594154,1579594561,407,'Kristofvanstappen','misc',534,'VPN'),(1579594358,1579625642,31284,'jdelrue','ci',535,'Local'),(1579594442,1579605722,11280,'tchielens','wallet',536,'Local'),(1579595381,1579604521,9140,'jonaswijne','pkid',537,'Local'),(1579597246,1579627802,30556,'SingleCore','3botconnect',538,'Local'),(1579599279,1579636947,36468,'kendalf666','3botconnect',539,'Local'),(1579603442,1579604282,840,'azertyalex','kimeru',540,'Local'),(1579603921,1579606920,2999,'Kristofvanstappen','admin',541,'Local'),(1579604314,1579631582,27268,'azertyalex','misc',542,NULL),(1579606262,1579624621,18359,'tchielens','wallet',543,'Local'),(1579606379,1579608661,2282,'jonaswijne','pkid',544,'Local'),(1579607521,1579608120,599,'Kristofvanstappen','admin',545,'Local'),(1579608482,1579608601,119,'Kristofvanstappen','misc',546,'Local'),(1579609800,1579609800,0,'Kristofvanstappen','misc',547,'Local'),(1579610497,1579622762,12265,'jonaswijne','pkid',548,'Local'),(1579610880,1579613281,2401,'Kristofvanstappen','admin',549,'Local'),(1579613640,1579620601,6961,'Kristofvanstappen','admin',550,'Local'),(1579620091,1579621681,1590,'ivancoene','misc',551,'Local'),(1579675978,1579706641,30663,'JohnKarl','browser',552,'Local'),(1579679881,1579692482,12601,'tchielens','wallet',553,'Local'),(1579682109,1579690441,8332,'jonaswijne','wallet',554,'Local'),(1579683520,1579690328,6808,'kendalf666','ci',555,'VPN'),(1579685042,1579699561,14519,'SingleCore','3botconnect',556,'Local'),(1579685942,1579725001,39059,'jdelrue','browser',557,'Local'),(1579686961,1579706161,19200,'ivancoene','3botconnect',558,'Local'),(1579692360,1579705321,12961,'Kristofvanstappen','admin',559,'VPN'),(1579693294,1579710542,17248,'tchielens','wallet',560,'Local'),(1579693312,1579708142,14830,'jonaswijne','pkid',561,'Local'),(1579695835,1579703361,7526,'kendalf666','ci',562,'VPN'),(1579698482,1579698782,300,'azertyalex','misc',563,'Local'),(1579701781,1579712522,10741,'SingleCore','3botconnect',564,'Local'),(1579704069,1579708686,4617,'kendalf666','ci',565,'VPN'),(1579706999,1579706999,0,'JohnKarl','misc',566,'Local'),(1579708777,1579711562,2785,'jonaswijne','wallet',567,'Local'),(1579710399,1579715921,5522,'kendalf666','ci',568,'VPN'),(1579715522,1579715522,0,'JohnKarl','misc',569,'VPN'),(1579718472,1579725121,6649,'Kristofvanstappen','misc',570,'VPN'),(1579718676,1579732322,13646,'azertyalex','kimeru',571,'Local'),(1579708029,0,10800,'azertyalex','kimeru',572,'Manual'),(1579765431,1579771322,5891,'jonaswijne','pkid',573,'Local'),(1579765489,1579774080,8591,'ivancoene','3botconnect',574,'Local'),(1579766629,1579789081,22452,'jdelrue','browser',575,'Local'),(1579768562,1579771321,2759,'tchielens','wallet',576,'Local'),(1579768803,1579801681,31978,'JohnKarl','browser',577,'Local'),(1579770481,1579772401,1920,'Kristofvanstappen','misc',578,'Local'),(1579772568,1579777801,5233,'tchielens','wallet',579,'Local'),(1579772581,1579795921,23340,'SingleCore','3botconnect',580,'Local'),(1579770827,0,1800,'tchielens','wallet',581,'Manual'),(1579772637,1579776661,4024,'jonaswijne','pkid',582,'Local'),(1579773121,1579779120,5999,'Kristofvanstappen','admin',583,'Local'),(1579774197,1579778646,4449,'ivancoene','3botconnect',584,NULL),(1579778947,1579781040,2093,'ivancoene','3botconnect',585,'Local'),(1579779976,1579798022,18046,'tchielens','wallet',586,'Local'),(1579780262,1579799821,19559,'azertyalex','browser',587,'Local'),(1579780802,1579794122,13320,'jonaswijne','wallet',588,'Local'),(1579780921,1579783201,2280,'Kristofvanstappen','admin',589,'Local'),(1579781432,1579781432,0,'ivancoene','misc',590,'Local'),(1579781792,1579790160,8368,'ivancoene','3botconnect',591,'Local'),(1579783863,1579789201,5338,'Kristofvanstappen','admin',592,'Local'),(1579784492,1579788571,4079,'kendalf666','ci',593,'Local'),(1579789778,1579809862,18884,'kendalf666','kimeru',594,'Local'),(1579788203,0,1800,'kendalf666','kimeru',595,'Manual'),(1579790640,1579795921,5281,'ivancoene','wallet',596,'Local'),(1579799851,1579805342,5491,'azertyalex','kimeru',597,NULL),(1579823484,0,1800,'azertyalex','kimeru',598,'Manual'),(1579850163,1579874881,24718,'JohnKarl','browser',599,'Local'),(1579853281,1579877761,24480,'ivancoene','browser',600,'Local'),(1579853749,1579874045,20296,'jdelrue','admin',601,'Local'),(1579853761,1579860240,6479,'Kristofvanstappen','admin',602,'VPN'),(1579854302,1579880401,26099,'tchielens','wallet',603,'Local'),(1579856522,1579883401,26879,'SingleCore','3botconnect',604,'Local'),(1579856701,1579865221,8520,'jonaswijne','wallet',605,'Local'),(1579858041,1579874302,16261,'kendalf666','kimeru',606,'Local'),(1579864621,1579865402,781,'azertyalex','kimeru',607,'VPN'),(1579862835,0,1800,'azertyalex','kimeru',608,'Manual'),(1579865807,1579872541,6734,'jonaswijne','wallet',609,'Local'),(1579868574,1579871222,2648,'azertyalex','kimeru',610,'Local'),(1579871225,1579889641,18416,'azertyalex','browser',611,NULL),(1579872601,1579872601,0,'Kristofvanstappen','misc',612,'VPN'),(1579872933,1579873442,509,'jonaswijne','pkid',613,'Local'),(1579874079,1579884481,10402,'jonaswijne','misc',614,'Local'),(1579874763,1579881000,6237,'kendalf666','kimeru',615,'Local'),(1579881469,1579882730,1261,'kendalf666','misc',616,'Local'),(1579889161,1579889400,239,'Kristofvanstappen','misc',617,'VPN'),(1579892042,1579894322,2280,'SingleCore','3botconnect',618,'VPN'),(1579888619,0,3600,'SingleCore','3botconnect',619,'Manual'),(1579957683,1579957923,240,'JohnKarl','browser',620,'VPN'),(1580108401,1580139601,31200,'ivancoene','browser',621,'Local'),(1580109241,1580118121,8880,'Kristofvanstappen','admin',622,'VPN'),(1580110322,1580142242,31920,'JohnKarl','browser',623,'Local'),(1580112182,1580120102,7920,'jdelrue','admin',624,'Local'),(1580114822,1580144221,29399,'tchielens','wallet',625,'Local'),(1580114941,1580142902,27961,'SingleCore','3botconnect',626,'Local'),(1580115844,1580127121,11277,'jonaswijne','wallet',627,'Local'),(1580116931,1580145230,28299,'kendalf666','kimeru',628,'Local'),(1580121490,1580123821,2331,'azertyalex','browser',629,'Local'),(1580123165,1580137201,14036,'jdelrue','admin',630,'Local'),(1580123823,1580127482,3659,'azertyalex','kimeru',631,NULL),(1580126760,1580136840,10080,'Kristofvanstappen','admin',632,'VPN'),(1580127528,1580148542,21014,'azertyalex','browser',633,NULL),(1580194795,1580226241,31446,'ivancoene','browser',634,'Local'),(1580197681,1580213041,15360,'Kristofvanstappen','admin',635,'VPN'),(1580199362,1580240882,41520,'SingleCore','3botconnect',636,'VPN'),(1580199963,1580209502,9539,'jonaswijne','wallet',637,'Local'),(1580200081,1580227201,27120,'JohnKarl','browser',638,'Local'),(1580200742,1580210282,9540,'tchielens','wallet',639,'Local'),(1580201102,1580212801,11699,'jdelrue','browser',640,'Local'),(1580202375,1580227748,25373,'kendalf666','kimeru',641,'Local'),(1580208938,1580239682,30744,'azertyalex','browser',642,'Local'),(1580210847,1580230742,19895,'tchielens','wallet',643,'Local'),(1580211374,1580244182,32808,'jonaswijne','wallet',644,'Local'),(1580213342,1580214422,1080,'jdelrue','3botconnect',645,'Local'),(1580232139,1580232240,101,'Kristofvanstappen','misc',646,'VPN'),(1580233922,1580234402,480,'JohnKarl','browser',647,'VPN'),(1580254622,1580258162,3540,'azertyalex','browser',648,'VPN'),(1580286362,1580298241,11879,'tchielens','wallet',649,'Local'),(1580286960,1580294040,7080,'Kristofvanstappen','admin',650,'Local'),(1580287202,1580317442,30240,'JohnKarl','browser',651,'Local'),(1580287682,1580293981,6299,'jdelrue','admin',652,'Local'),(1580288465,1580314321,25856,'SingleCore','3botconnect',653,'VPN'),(1580288989,1580309726,20737,'kendalf666','3bot',654,'Local'),(1580291041,1580310961,19920,'ivancoene','3bot',655,'Local'),(1580293263,1580294403,1140,'jonaswijne','wallet',656,'Local'),(1580295437,1580317142,21705,'azertyalex','browser',657,'Local'),(1580296302,1580308202,11900,'jonaswijne','wallet',658,'Local'),(1580299727,1580309701,9974,'tchielens','wallet',659,'Local'),(1580311082,1580317864,6782,'kendalf666','3bot',660,'Local'),(1580311082,1580317742,6660,'jdelrue','admin',661,'Local'),(1580311188,1580316902,5714,'tchielens','wallet',662,'Local'),(1580311365,1580328242,16877,'jonaswijne','wallet',663,'Local'),(1580311419,1580317441,6022,'ivancoene','browser',664,'Local'),(1580308858,0,2700,'Jonaswijne','wallet',665,'Manual'),(1580311561,1580317321,5760,'Kristofvanstappen','admin',666,'Local'),(1580300193,0,12000,'jdelrue','admin',667,'Manual'),(1580318100,1580318281,181,'jdelrue','misc',668,'Local'),(1580366641,1580375941,9300,'SingleCore','3botconnect',669,'VPN'),(1580367840,1580394961,27121,'ivancoene','3bot',670,'Local'),(1580370684,1580373361,2677,'jonaswijne','wallet',671,'Local'),(1580373182,1580384522,11340,'tchielens','wallet',672,'Local'),(1580373362,1580394961,21599,'JohnKarl','browser',673,'Local'),(1580375041,1580395080,20039,'Kristofvanstappen','admin',674,'VPN'),(1580375270,1580395179,19909,'kendalf666','3bot',675,'Local'),(1580376242,1580376423,181,'jonaswijne','wallet',676,'Local'),(1580376962,1580395142,18180,'jdelrue','wallet',677,'Local'),(1580377564,1580380082,2518,'jonaswijne','wallet',678,'Local'),(1580379260,1580381402,2142,'azertyalex','browser',679,'Local'),(1580380941,1580383261,2320,'jonaswijne','wallet',680,'Local'),(1580385662,1580395142,9480,'azertyalex','browser',681,'Local'),(1580385842,1580395141,9299,'SingleCore','3botconnect',682,'Local'),(1580386862,1580395142,8280,'jonaswijne','wallet',683,'Local'),(1580386868,1580395141,8273,'tchielens','wallet',684,'Local'),(1580396889,1580406913,10024,'kendalf666','3bot',685,'Local'),(1580396941,1580403421,6480,'jdelrue','browser',686,'Local'),(1580396941,1580401802,4861,'jonaswijne','wallet',687,'Local'),(1580396941,1580403482,6541,'tchielens','wallet',688,'Local'),(1580396942,1580403422,6480,'SingleCore','3botconnect',689,'Local'),(1580396942,1580405162,8220,'azertyalex','browser',690,'Local'),(1580395790,0,1200,'azertyalex','browser',691,'Manual'),(1580397001,1580399881,2880,'Kristofvanstappen','admin',692,'VPN'),(1580397121,1580402640,5519,'ivancoene','wallet',693,'Local'),(1580397122,1580402161,5039,'JohnKarl','browser',694,'Local'),(1580395611,0,1680,'kendalf666','3bot',695,'Manual'),(1580395640,0,1680,'SingleCore','3botconnect',696,'Manual'),(1580395821,0,1680,'Jonaswijne','wallet',697,'Manual'),(1580396563,0,1680,'jdelrue','browser',698,'Manual'),(1580396595,0,1680,'ivancoene','wallet',699,'Manual'),(1580396656,0,1680,'JohnKarl','browser',700,'Manual'),(1580403480,1580404921,1441,'Kristofvanstappen','admin',701,'VPN'),(1580403905,1580405282,1377,'jonaswijne','wallet',702,'Local'),(1580457361,1580466001,8640,'ivancoene','browser',703,'Local'),(1580458803,1580486642,27839,'JohnKarl','browser',704,'Local'),(1580458861,1580484781,25920,'jdelrue','admin',705,'Local'),(1580459041,1580460121,1080,'Kristofvanstappen','admin',706,'Local'),(1580460044,1580470502,10458,'tchielens','wallet',707,'Local'),(1580460265,1580463422,3157,'jonaswijne','wallet',708,'Local'),(1580461081,1580462521,1440,'Kristofvanstappen','admin',709,'Local'),(1580461262,1580484602,23340,'SingleCore','3botconnect',710,'Local'),(1580463840,1580469361,5521,'Kristofvanstappen','admin',711,'Local'),(1580464080,1580485007,20927,'kendalf666','misc',712,'Local'),(1580463567,0,600,'kendalf666','misc',713,'Manual'),(1580464171,1580464171,0,'kendalf666','3bot',714,NULL),(1580464802,1580469242,4440,'jonaswijne','wallet',715,'Local'),(1580466317,1580466317,0,'ivancoene','misc',716,'Local'),(1580466943,1580466960,17,'ivancoene','misc',717,'Local'),(1580467470,1580468761,1291,'azertyalex','misc',718,'Local'),(1580467854,1580468401,547,'ivancoene','misc',719,'Local'),(1580469797,1580469962,165,'azertyalex','misc',720,'Local'),(1580470008,1580491862,21854,'azertyalex','browser',721,NULL),(1580469433,0,600,'azertyalex','misc',722,'Manual'),(1580470321,1580481361,11040,'ivancoene','browser',723,'Local'),(1580471640,1580473921,2281,'Kristofvanstappen','admin',724,'Local'),(1580471788,1580480582,8794,'tchielens','wallet',725,'Local'),(1580471822,1580479382,7560,'jonaswijne','wallet',726,'Local'),(1580474880,1580485320,10440,'Kristofvanstappen','admin',727,'Local'),(1580482125,1580482125,0,'ivancoene','misc',728,'Local'),(1580484951,1580485502,551,'jonaswijne','wallet',729,'Local'),(1580481784,0,3600,'tchielens','3botconnect',730,'Manual'),(1580485386,1580486703,1317,'tchielens','wallet',731,'Local'),(1580485852,1580487062,1210,'jonaswijne','wallet',732,'Local'),(1580489131,1580491442,2311,'jonaswijne','wallet',733,'Local'),(1580489162,1580489523,361,'tchielens','admin',734,'VPN'),(1580495464,1580497382,1918,'tchielens','admin',735,'VPN'),(1580710321,1580722801,12480,'ivancoene','3bot',736,'VPN'),(1580717772,1580719921,2149,'JohnKarl','timby',737,'Local'),(1580720074,1580738881,17007,'JohnKarl','browser',738,NULL),(1580720201,0,1800,'JohnKarl','timby',739,'Manual'),(1580722179,1580749415,27236,'kendalf666','3bot',740,'Local'),(1580722622,1580750342,27720,'SingleCore','3botconnect',741,'Local'),(1580723750,1580723761,11,'ivancoene','misc',742,'VPN'),(1580725860,1580753102,27242,'azertyalex','browser',743,'Local'),(1580730303,1580742721,12418,'jdelrue','admin',744,'Local'),(1580730317,1580749382,19065,'tchielens','wallet',745,'Local'),(1580719622,0,10800,'tchielens','meetingKDS',746,'Manual'),(1580728282,0,2400,'tchielens','meetingKDS',747,'Manual'),(1580733920,1580757422,23502,'jonaswijne','wallet',748,'Local'),(1580725060,0,9600,'jdelrue','admin',749,'Manual'),(1580736361,1580754721,18360,'Kristofvanstappen','admin',750,'VPN'),(1580755554,1580755801,247,'Kristofvanstappen','misc',751,'VPN'),(1580755623,1580756943,1020,'azertyalex','browser',752,'VPN'),(1580755956,1580756401,445,'ivancoene','misc',753,'VPN'),(1580758069,1580766361,8292,'jonaswijne','wallet',754,'Local'),(1580769260,1580777222,7962,'azertyalex','browser',755,'VPN'),(1580795280,1580815681,20401,'ivancoene','3bot',756,'VPN'),(1580797622,1580825701,28079,'jdelrue','browser',757,'Local'),(1580801549,1580826722,25173,'JohnKarl','browser',758,'Local'),(1580803234,1580822334,19100,'kendalf666','3botconnect',759,'VPN'),(1580805241,1580835662,30421,'tchielens','wallet',760,'Local'),(1580808303,1580814902,6599,'jonaswijne','wallet',761,'Local'),(1580810461,1580837701,27240,'SingleCore','3botconnect',762,'Local'),(1580812201,1580815681,3480,'Kristofvanstappen','3bot',763,'VPN'),(1580816225,1580827921,11696,'jonaswijne','wallet',764,'Local'),(1580818181,1580828282,10101,'azertyalex','browser',765,'Local'),(1580826053,1580826053,0,'kendalf666','3botconnect',766,'VPN'),(1580826459,1580826459,0,'kendalf666','misc',767,'VPN'),(1580826961,1580835960,8999,'Kristofvanstappen','admin',768,'VPN'),(1580827742,1580830982,3240,'kendalf666','3botconnect',769,'VPN'),(1580826022,0,1800,'kendalf666','laptopkeepscrashingplssendhelp',770,'Manual'),(1580828309,1580834822,6513,'azertyalex','misc',771,NULL),(1580833381,1580834581,1200,'kendalf666','3botconnect',772,'VPN'),(1580834861,1580839322,3261,'azertyalex','browser',773,NULL),(1580842382,1580842802,420,'azertyalex','browser',774,'VPN'),(1580880001,1580898961,18960,'ivancoene','3bot',775,'VPN'),(1580888462,1580889961,1499,'kendalf666','3botconnect',776,'VPN'),(1580884375,0,4200,'kendalf666','3botconnect',777,'Manual'),(1580886244,0,2400,'kendalf666','3botconnect',778,'Manual'),(1580888702,1580910841,22139,'jdelrue','browser',779,'VPN'),(1580889121,1580934721,45600,'JohnKarl','browser',780,'Local'),(1580890562,1580895122,4560,'kendalf666','3botconnect',781,'VPN'),(1580891846,1580901362,9516,'tchielens','wallet',782,'Local'),(1580894403,1580896861,2458,'jonaswijne','wallet',783,'Local'),(1580896687,1580923801,27114,'SingleCore','3botconnect',784,'Local'),(1580897219,1580900162,2943,'jonaswijne','wallet',785,'Local'),(1580900973,1580939101,38128,'azertyalex','browser',786,'Local'),(1580902082,1580918701,16619,'jonaswijne','wallet',787,'Local'),(1580902082,1580922302,20220,'tchielens','wallet',788,'Local'),(1580921489,1580921506,17,'ivancoene','misc',789,'VPN'),(1580967839,1580967959,120,'Kristofvanstappen','admin',790,'VPN'),(1580968023,1580969879,1856,'Kristofvanstappen','3bot',791,NULL),(1580971201,1580990640,19439,'ivancoene','3bot',792,'VPN'),(1580970799,0,2640,'ivancoene','3bot',793,'Manual'),(1580975303,1581004981,29678,'jdelrue','ifan',794,'Local'),(1580975523,1581004802,29279,'JohnKarl','browser',795,'Local'),(1580977382,1581004982,27600,'tchielens','wallet',796,'Local'),(1580980562,1581004981,24419,'SingleCore','3botconnect',797,'VPN'),(1580980803,1580998141,17338,'jonaswijne','wallet',798,'Local'),(1580982080,1580988321,6241,'kendalf666','3botconnect',799,'Local'),(1580958898,0,27000,'kendalf666','3botconnect',800,'Manual'),(1580988027,1580998502,10475,'azertyalex','browser',801,'Local'),(1580997005,1581005001,7996,'kendalf666','3botconnect',802,'Local'),(1580998511,1581004981,6470,'azertyalex','flikkekijken',803,NULL),(1580999355,1580999521,166,'ivancoene','misc',804,'VPN'),(1581000728,1581004982,4254,'jonaswijne','wallet',805,'Local'),(1581000902,1581000902,0,'azertyalex','browser',806,NULL),(1581063121,1581063121,0,'Kristofvanstappen','misc',807,'VPN'),(1581063121,1581064081,960,'ivancoene','3bot',808,'VPN'),(1581063122,1581064922,1800,'jdelrue','misc',809,'Local'),(1581048863,0,14400,'jdelrue','admin',810,'Manual'),(1581053394,0,10800,'ivancoene','3bot',811,'Manual'),(1581065037,1581080941,15904,'jdelrue','timby',812,'Local'),(1581065522,1581066962,1440,'JohnKarl','browser',813,'VPN'),(1581066052,1581075722,9670,'tchielens','3Bot_wallet',814,'Local'),(1581066840,1581079080,12240,'Kristofvanstappen','mgmt',815,'VPN'),(1581067261,1581084542,17281,'SingleCore','3bot',816,'Local'),(1581067313,1581095723,28410,'kendalf666','3botapp',817,'Local'),(1581066263,0,1200,'SingleCore','3bot',818,'Manual'),(1581072602,1581096181,23579,'azertyalex','browser',819,'Local'),(1581065592,0,7200,'azertyalex','browser',820,'Manual'),(1581079673,1581081841,-112,'ivancoene',NULL,821,'VPN'),(1581080151,1581094862,14711,'tchielens','3Bot_wallet',822,'Local'),(1581081120,1581092101,10981,'jdelrue','bliep',823,'Local'),(1581155742,1581155742,0,'kendalf666',NULL,824,'Local'),(1581312721,1581322081,9360,'ivancoene','3bot',825,'VPN'),(1581316283,0,240,'JohnKarl','browser',826,'Manual'),(1581302377,0,14160,'JohnKarl','browser',827,'Manual'),(1581316562,1581349441,32879,'JohnKarl','browser',828,'Local'),(1581322320,1581327121,4801,'Kristofvanstappen','mgmt',829,'Local'),(1581322501,1581337621,15120,'jdelrue','bliep',830,'Local'),(1581322745,1581325262,2517,'jonaswijne','wallet',831,'Local'),(1581322760,1581322801,41,'ivancoene',NULL,832,'VPN'),(1581324121,1581352441,28320,'tchielens','wallet',833,'Local'),(1581325622,1581328141,2519,'SingleCore','3bot',834,'Local'),(1581326667,1581330421,3754,'jonaswijne','wallet',835,'Local'),(1581327600,1581330481,2881,'ivancoene',NULL,836,'VPN'),(1581328174,1581357120,28946,'kendalf666','3botapp',837,'Local'),(1581327130,0,1080,'kendalf666','standup',838,'Manual'),(1581328801,1581330600,1799,'Kristofvanstappen','mgmt',839,'Local'),(1581330341,1581360002,29661,'azertyalex','browser',840,'Local'),(1581328683,0,1800,'azertyalex','browser',841,'Manual'),(1581330602,1581350642,20040,'SingleCore','3bot',842,'Local'),(1581331112,1581331143,31,'jonaswijne',NULL,843,'Local'),(1581331199,1581333600,2401,'Kristofvanstappen','mgmt',844,'Local'),(1581331637,1581333721,2084,'jonaswijne','wallet',845,'Local'),(1581334393,1581334408,15,'ivancoene',NULL,846,'VPN'),(1581332724,0,2400,'SingleCore','3bot',847,'Manual'),(1581335249,1581350341,15092,'jonaswijne','wallet',848,'Local'),(1581335880,1581340080,4200,'Kristofvanstappen','mgmt',849,'Local'),(1581337768,1581347342,9574,'jdelrue','browser',850,'Local'),(1581338020,1581338401,381,'ivancoene',NULL,851,'VPN'),(1581341282,1581350882,9600,'deanverjans','timby',852,'Local'),(1581341400,1581342601,1201,'Kristofvanstappen','mgmt',853,'Local'),(1581342660,1581342660,0,'USER_NAME_HERE',NULL,854,'Local'),(1581343921,1581349921,6000,'Kristofvanstappen','mgmt',855,'Local'),(1581399361,1581413281,13920,'ivancoene','3bot',856,'VPN'),(1581402782,1581427442,24660,'jdelrue','browser',857,'Local'),(1581403560,1581404041,481,'Kristofvanstappen','mgmt',858,'VPN'),(1581406081,1581426841,20760,'Kristofvanstappen','mgmt',859,'VPN'),(1581407506,1581423481,15975,'jonaswijne','wallet',860,'Local'),(1581407702,1581420661,12959,'tchielens','wallet',861,'Local'),(1581408001,1581437281,29280,'deanverjans','timby',862,'Local'),(1581410161,1581421862,11701,'azertyalex','browser',863,'VPN'),(1581413222,1581440521,27299,'SingleCore','3botconnect',864,'Local'),(1581413393,1581446220,32827,'kendalf666','3botapp',865,'Local'),(1581413870,1581416641,2771,'ivancoene','3bot',866,'VPN'),(1581413564,0,1800,'SingleCore','3botconnect',867,'Manual'),(1581417013,1581419280,2267,'ivancoene','3bot',868,'VPN'),(1581420773,1581420960,187,'ivancoene',NULL,869,'VPN'),(1581421922,1581439441,17519,'jasperSchreel','research',870,'Local'),(1581404289,0,18000,'JohnKarl','browser',871,'Manual'),(1581425491,1581425941,450,'jonaswijne',NULL,872,'Local'),(1581425643,1581439622,13979,'tchielens','3bot_wallet',873,'Local'),(1581420337,0,5400,'tchielens','misc',874,'Manual'),(1581426982,1581429421,2439,'jonaswijne','wallet',875,'Local'),(1581429747,1581437162,7415,'jonaswijne','wallet',876,'Local'),(1581435745,0,1200,'azertyalex','browser',877,'Manual'),(1581436982,1581437882,900,'azertyalex','browser',878,'VPN'),(1581426707,0,10800,'JohnKarl','browser',879,'Manual'),(1581438916,0,1500,'SingleCore','3botconnect',880,'Manual'),(1581488281,1581492241,3960,'Kristofvanstappen','mgmt',881,'VPN'),(1581488401,1581488401,0,'ivancoene',NULL,882,'VPN'),(1581488403,1581503522,15119,'JohnKarl','browser',883,'Local'),(1581489600,1581496800,7200,'ivancoene','3bot',884,'VPN'),(1581492638,1581494400,1762,'Kristofvanstappen','mgmt',885,'VPN'),(1581494342,1581526021,31679,'tchielens','wallet',886,'Local'),(1581494642,1581517681,23039,'deanverjans','timby',887,'Local'),(1581494642,1581520801,26159,'jasperSchreel','gitlab',888,'Local'),(1581496337,1581498960,2623,'Kristofvanstappen','mgmt',889,'VPN'),(1581496982,1581506281,9299,'jonaswijne','wallet',890,'Local'),(1581498279,1581499681,1402,'ivancoene','3bot',891,'VPN'),(1581498901,1581510481,11580,'SingleCore','3botconnect',892,'VPN'),(1581499226,1581502854,3628,'kendalf666','3botapp',893,'Local'),(1581499845,1581499845,0,'ivancoene','3bot',894,'VPN'),(1581499847,1581499847,0,'ivancoene','3bot',895,'VPN'),(1581499848,1581499848,0,'ivancoene','3bot',896,'VPN'),(1581499849,1581499849,0,'ivancoene','3bot',897,'VPN'),(1581499851,1581501361,1510,'ivancoene','3bot',898,'VPN'),(1581500342,1581533941,33599,'azertyalex','browser',899,'Local'),(1581501286,1581541202,39916,'jdelrue','admin',900,'Local'),(1581501924,1581502332,408,'ivancoene','3bot',901,'VPN'),(1581502856,1581523286,20430,'kendalf666','3bot',902,'Local'),(1581507170,1581515762,8592,'jonaswijne','wallet',903,'Local'),(1581510462,1581510481,19,'ivancoene','3bot',904,'VPN'),(1581510841,1581513361,2520,'Kristofvanstappen','mgmt',905,'VPN'),(1581513713,1581516961,3248,'Kristofvanstappen','mgmt',906,'VPN'),(1581517559,1581523081,5522,'Kristofvanstappen','mgmt',907,'VPN'),(1581518095,1581523682,5587,'deanverjans','timby',908,'Local'),(1581521282,1581525602,4320,'jasperSchreel','gitlab',909,'Local'),(1581525960,1581526441,481,'Kristofvanstappen',NULL,910,'VPN'),(1581532382,1581534122,1740,'tchielens','3Bot_wallet',911,'VPN'),(1581549242,1581555602,6360,'azertyalex','browser',912,'VPN'),(1581567121,1581574081,6960,'ivancoene','3bot',913,'VPN'),(1581574484,1581584881,10397,'ivancoene','3bot',914,'VPN'),(1581575401,1581576481,1080,'Kristofvanstappen','mgmt',915,'VPN'),(1581576572,1581579000,2428,'Kristofvanstappen','3bot',916,'VPN'),(1581579705,1581603241,23536,'Kristofvanstappen','mgmt',917,'VPN'),(1581580614,1581605641,25027,'tchielens','3Bot_wallet',918,'Local'),(1581580801,1581607682,26881,'jasperSchreel','gitlab',919,'Local'),(1581581042,1581605522,24480,'deanverjans','timby',920,'Local'),(1581582532,1581589562,7030,'jonaswijne','wallet',921,'Local'),(1581585121,1581613981,28860,'SingleCore','3botconnect',922,'VPN'),(1581589850,1581607692,17842,'kendalf666','3bot',923,'Local'),(1581589977,1581603961,13984,'jonaswijne','wallet',924,'Local'),(1581585524,0,4500,'kendalf666','3bot',925,'Manual'),(1581595191,1581618722,23531,'azertyalex','browser',926,'Local'),(1581605881,1581612001,6120,'Kristofvanstappen','gmmt',927,'VPN'),(1581606001,1581606241,240,'ivancoene',NULL,928,'VPN'),(1581606002,1581610082,4080,'deanverjans','timby',929,'Local'),(1581606726,1581614282,7556,'tchielens','wallet',930,'Local'),(1581600234,0,7200,'tchielens','browser',931,'Manual'),(1581607693,1581614551,6858,'kendalf666','3botapp',932,'Local'),(1581607715,1581607715,0,'jasperSchreel','Integrated',933,'Local'),(1581607736,1581612481,4745,'jasperSchreel','IWA',934,'Local'),(1581614270,1581614281,11,'Kristofvanstappen',NULL,935,'VPN'),(1581654481,1581671761,17280,'ivancoene','3bot',936,'VPN'),(1581659102,1581661442,2340,'jdelrue','browser',937,'VPN'),(1581661801,1581662040,239,'Kristofvanstappen','mgmt',938,'VPN'),(1581667381,1581697322,29941,'tchielens','wallet',939,'Local'),(1581667681,1581697441,29760,'jasperSchreel','IWA',940,'Local'),(1581667742,1581668461,719,'jdelrue',NULL,941,'Local'),(1581668739,1581697023,28284,'jonaswijne','wallet',942,'Local'),(1581673711,1581693603,19892,'azertyalex','browser',943,'Local'),(1581673843,1581698464,24621,'kendalf666','3botapp',944,'Local'),(1581674221,1581679442,5221,'jdelrue','3bot',945,'Local'),(1581673768,0,1800,'jdelrue','misc',946,'Manual'),(1581676922,1581700322,23400,'SingleCore','3botconnect',947,'Local'),(1581679802,1581694921,15119,'jdelrue','wallet',948,'Local'),(1581679755,0,600,'kendalf666','standup',949,'Manual'),(1581680596,1581685201,4605,'ivancoene','3bot',950,'VPN'),(1581695582,1581703981,8399,'azertyalex','browser',951,'Local'),(1581695693,1581696182,489,'jdelrue','browser',952,'Local'),(1581706561,1581707761,1200,'ivancoene','3bot',953,'VPN'),(1581745921,1581748801,2880,'ivancoene','3bot',954,'VPN'),(1581749852,1581752400,2548,'ivancoene','3bot',955,'VPN'),(1581825841,1581834961,9120,'ivancoene','3bot',956,'VPN'),(1581835476,1581835921,445,'ivancoene','3bot',957,'VPN'),(1581836668,1581838801,2133,'ivancoene','3bot',958,'VPN'),(1581852364,1581852375,11,'ivancoene',NULL,959,'VPN'),(1581891841,1581893521,1680,'azertyalex','browser',960,'VPN'),(1581915280,1581948062,32782,'jonaswijne','wallet',961,'Local'),(1581921845,1581934801,12956,'JohnKarl','browser',962,'Local'),(1581926641,1581929522,2881,'deanverjans','timby',963,'Local'),(1581926762,1581953042,26280,'jdelrue','admin',964,'Local'),(1581926881,1581932642,5761,'jasperSchreel','IWA',965,'Local'),(1581928441,1581932521,4080,'Kristofvanstappen','mgmt',966,'Local'),(1581928862,1581949382,20520,'tchielens','3Bot',967,'Local'),(1581928916,1581934354,5438,'kendalf666','3bot',968,'VPN'),(1581929705,1581934322,4617,'deanverjans','timby',969,'Local'),(1581932700,1581937621,4921,'SingleCore','support',970,'Local'),(1581932900,1581944040,11140,'Kristofvanstappen','mgmt',971,'Local'),(1581934321,1581961202,26881,'jasperSchreel','IWA',972,'Local'),(1581928948,0,5400,'Jonaswijne','wallet',973,'Manual'),(1581934717,1581938162,3445,'deanverjans',NULL,974,'Local'),(1581934835,1581944882,10047,'JohnKarl','misc',975,'Local'),(1581935189,1581964622,27633,'azertyalex','browser',976,'Local'),(1581936693,1581937262,569,'kendalf666','3bot',977,'VPN'),(1581937267,1581939573,2306,'kendalf666','3botapp',978,'VPN'),(1581938758,1581942722,3964,'deanverjans',NULL,979,'Local'),(1581939181,1581946021,6840,'SingleCore','support',980,'Local'),(1581939595,1581939962,367,'kendalf666','browser',981,'VPN'),(1581939983,1581942122,2139,'kendalf666','3botapp',982,'VPN'),(1581942142,1581949825,7683,'kendalf666','browser',983,'VPN'),(1581945073,1581952082,7009,'JohnKarl','browser',984,'Local'),(1581946022,1581967502,21480,'SingleCore','3botconnect',985,'Local'),(1581946321,1581955320,8999,'Kristofvanstappen','mgmt',986,'Local'),(1581943898,0,3600,'SingleCore','3botconnect',987,'Manual'),(1581948720,0,-1200,'SingleCore','3botconnect',988,'Manual'),(1581948396,1581949683,1287,'jonaswijne','3bot',989,'Local'),(1581949780,1581958442,8662,'tchielens','3Bot',990,'Local'),(1581949832,1581962425,12593,'kendalf666','3bot',991,'VPN'),(1581950162,1581952801,2639,'deanverjans',NULL,992,'Local'),(1581953281,1581955682,2401,'deanverjans',NULL,993,'Local'),(1581967563,1581969722,2159,'jonaswijne','wallet',994,'VPN'),(1581981121,1581987242,6121,'azertyalex','browser',995,'VPN'),(1582007078,1582036561,29483,'JohnKarl','browser',996,'Local'),(1582009561,1582029181,19620,'jdelrue','browser',997,'Local'),(1582009982,1582040942,30960,'tchielens','3Bot',998,'Local'),(1582012802,1582040882,28080,'deanverjans','3bot',999,'Local'),(1582013641,1582015080,1439,'Kristofvanstappen','mgmt',1000,'VPN'),(1582014481,1582043281,28800,'jasperSchreel','IWA',1001,'Local'),(1582015564,1582017721,2157,'Kristofvanstappen','mgmt',1002,'VPN'),(1582016163,1582016943,780,'jonaswijne','wallet',1003,'VPN'),(1582017781,1582045599,27818,'kendalf666','3bot',1004,'Local'),(1582017842,1582022222,4380,'SingleCore','support',1005,'VPN'),(1582018427,1582043880,25453,'Kristofvanstappen','mgmt',1006,'VPN'),(1582019342,1582041061,21719,'jonaswijne','wallet',1007,'Local'),(1582023850,1582033141,9291,'azertyalex','browser',1008,'Local'),(1582027502,1582048502,21000,'SingleCore','misc',1009,'Local'),(1582024085,0,3600,'SingleCore','misc',1010,'Manual'),(1582059602,1582060082,480,'tchielens','wallet',1011,'VPN'),(1582097911,1582112522,14611,'jonaswijne','wallet',1012,'Local'),(1582098001,1582104601,6600,'Kristofvanstappen','mgmt',1013,'VPN'),(1582098961,1582100401,1440,'deanverjans','3bit',1014,'Local'),(1582099528,1582099528,0,'JohnKarl',NULL,1015,'VPN'),(1582100162,1582130642,30480,'jasperSchreel','IWA',1016,'Local'),(1582100163,1582130641,30478,'tchielens','3Bot',1017,'Local'),(1582100448,1582110481,10033,'deanverjans','3bot',1018,'Local'),(1582100813,1582110318,9505,'kendalf666','3bot',1019,'VPN'),(1582101541,1582105141,3600,'jdelrue','browser',1020,'VPN'),(1582101543,1582101543,0,'JohnKarl',NULL,1021,'VPN'),(1582099400,0,2400,'JohnKarl','browser',1022,'Manual'),(1582101976,1582103046,1070,'JohnKarl','browser',1023,'VPN'),(1582103376,1582103417,41,'JohnKarl','browser',1024,'VPN'),(1582104976,1582111920,6944,'Kristofvanstappen','mgmt',1025,'VPN'),(1582105501,1582129382,23881,'SingleCore','3botconnect',1026,'Local'),(1582105682,1582105682,0,'jdelrue','browser',1027,'VPN'),(1582107325,1582143302,35977,'jdelrue','browser',1028,'Local'),(1582108083,1582117922,9839,'JohnKarl','browser',1029,'VPN'),(1582111276,1582127298,16022,'kendalf666','3bot',1030,'VPN'),(1582112482,1582151221,38739,'azertyalex','browser',1031,'Local'),(1582121281,1582132920,11639,'Kristofvanstappen','mgmt',1032,'VPN'),(1582122002,1582128722,6720,'deanverjans','3bot',1033,'Local'),(1582125118,1582146722,21604,'jonaswijne','wallet',1034,'Local'),(1582118736,0,7200,'JohnKarl','browser',1035,'Manual'),(1582126163,1582129762,3599,'JohnKarl','browser',1036,'VPN'),(1582133405,1582134481,1076,'Kristofvanstappen',NULL,1037,'VPN'),(1582133405,1582133405,0,'Kristofvanstappen',NULL,1038,'VPN'),(1582141201,1582141321,120,'Kristofvanstappen',NULL,1039,'VPN'),(1582180803,1582211281,30478,'JohnKarl','browser',1040,'Local'),(1582182191,1582198382,16191,'tchielens','3Bot',1041,'Local'),(1582186321,1582188482,2161,'deanverjans','3bot',1042,'Local'),(1582186681,1582195321,8640,'Kristofvanstappen','mgmt',1043,'Local'),(1582186742,1582217702,30960,'jonaswijne','wallet',1044,'Local'),(1582187282,1582195682,8400,'jasperSchreel','IWA',1045,'Local'),(1582188662,1582217822,29160,'jdelrue','admin',1046,'Local'),(1582191421,1582214042,22621,'SingleCore','3botconnect',1047,'Local'),(1582189766,0,1800,'SingleCore','support',1048,'Manual'),(1582191673,1582202900,11227,'kendalf666','3bot',1049,'VPN'),(1582193522,1582208401,14879,'deanverjans','3bot',1050,'Local'),(1582203390,1582214615,11225,'kendalf666','3bot',1051,'Local'),(1582206084,1582213442,7358,'tchielens','3bot',1052,'Local'),(1582206241,1582216322,10081,'jasperSchreel','IWA',1053,'Local'),(1582206361,1582214400,8039,'Kristofvanstappen','mgmt',1054,'Local'),(1582208882,1582213202,4320,'deanverjans','3bot',1055,'Local'),(1582213509,1582213509,0,'deanverjans',NULL,1056,'Local'),(1582214786,1582214881,95,'Kristofvanstappen',NULL,1057,'Local'),(1582215325,1582215480,155,'Kristofvanstappen',NULL,1058,'Local'),(1582216051,1582219613,3562,'kendalf666','3botapp',1059,'VPN'),(1582238642,1582243861,5219,'azertyalex','misc',1060,'VPN'),(1582243907,1582251662,7155,'azertyalex','kimeru',1061,'VPN'),(1582268661,1582268961,300,'JohnKarl',NULL,1062,'VPN'),(1582270161,1582286661,16500,'JohnKarl','browser',1063,'VPN'),(1582272600,1582284841,12241,'Kristofvanstappen','mgmt',1064,'VPN'),(1582272962,1582273682,720,'jasperSchreel','IWA',1065,'Local'),(1582274102,1582285501,11399,'tchielens','3bot',1066,'Local'),(1582274881,1582290962,16081,'jasperSchreel','IWA',1067,'Local'),(1582279532,1582290093,10561,'kendalf666','3botapp',1068,'Local'),(1582281242,1582281302,60,'azertyalex','jimber',1069,'VPN'),(1582281319,1582286281,4962,'azertyalex','kimeru',1070,'VPN'),(1582285680,1582285680,0,'Kristofvanstappen',NULL,1071,'VPN'),(1582286168,1582286761,593,'Kristofvanstappen','mgmt',1072,'VPN'),(1582286750,1582304821,18071,'tchielens','3bot',1073,'Local'),(1582289061,1582289361,300,'JohnKarl',NULL,1074,'VPN'),(1582290062,1582301341,11279,'azertyalex','browser',1075,'VPN'),(1582290428,1582303533,13105,'kendalf666','3botapp',1076,'Local'),(1582290896,1582295461,4565,'jonaswijne','wallet',1077,'Local'),(1582291080,1582293362,2282,'jasperSchreel','paypalAPI',1078,'Local'),(1582292521,1582293248,727,'jdelrue','admin',1079,'VPN'),(1582292640,1582294560,1920,'Kristofvanstappen','mgmt',1080,'VPN'),(1582293498,1582299842,6344,'jasperSchreel','BAP-passwordlessAuth',1081,'Local'),(1582295110,1582298521,3411,'Kristofvanstappen','mgmt',1082,'VPN'),(1582298876,1582301761,2885,'Kristofvanstappen','mgmt',1083,'VPN'),(1582301369,1582306681,5312,'azertyalex','kimeru',1084,'VPN'),(1582308722,1582309742,1020,'azertyalex','browser',1085,'VPN'),(1582309742,1582311722,1980,'tchielens','wallet',1086,'VPN'),(1582309800,1582310882,1082,'azertyalex','kimeru',1087,'VPN'),(1582526581,1582544041,17460,'tchielens','wallet',1088,'Local'),(1582526582,1582540621,14039,'jonaswijne','wallet',1089,'Local'),(1582526645,1582561681,35036,'JohnKarl','browser',1090,'Local'),(1582525766,0,900,'JohnKarl','timby',1091,'Manual'),(1582523078,0,3600,'Jonaswijne','wallet',1092,'Manual'),(1582528321,1582534801,6480,'Kristofvanstappen','mgmt',1093,'Local'),(1582531201,1582537681,6480,'ivancoene','3bot',1094,'Local'),(1582531201,1582537921,6720,'deanverjans','3bot',1095,'Local'),(1582533362,1582537682,4320,'jasperSchreel','gitlab-ci',1096,'Local'),(1582535461,1582565401,29940,'SingleCore','3botconnect',1097,'VPN'),(1582535641,1582547161,11520,'Kristofvanstappen','mgmt',1098,'VPN'),(1582537002,1582544897,7895,'kendalf666','3bot',1099,'Local'),(1582537843,1582551361,13518,'jasperSchreel','paypalAPI',1100,'Local'),(1582538156,1582540081,1925,'ivancoene','3bot',1101,'Local'),(1582538402,1582560482,22080,'deanverjans','3bot',1102,'Local'),(1582539822,1582559701,19879,'azertyalex','kimeru',1103,'Local'),(1582540560,1582540560,0,'ivancoene',NULL,1104,'Local'),(1582540983,1582561621,20638,'jonaswijne','wallet',1105,'Local'),(1582541280,1582541280,0,'ivancoene',NULL,1106,'Local'),(1582542001,1582547281,5280,'ivancoene','3bot',1107,'Local'),(1582544773,1582562461,17688,'tchielens','3bot',1108,'Local'),(1582544901,1582562785,17884,'kendalf666','3botapp',1109,'Local'),(1582547590,1582557121,9531,'ivancoene','3bot',1110,'Local'),(1582547627,1582553161,5534,'Kristofvanstappen','mgmt',1111,'Local'),(1582551474,1582562882,11408,'jasperSchreel','3bot_wallet',1112,'Local'),(1582554600,1582559521,4921,'Kristofvanstappen','mgmt',1113,'Local'),(1582558081,1582558081,0,'ivancoene',NULL,1114,'Local'),(1582558732,1582558801,69,'ivancoene','3bot',1115,'Local'),(1582559246,1582559520,274,'ivancoene','3bot',1116,'Local'),(1582559753,1582562942,1389,'azertyalex','browser',1117,'Local'),(1582560153,1582560153,0,'ivancoene',NULL,1118,'Local'),(1582562789,1582563265,476,'kendalf666','3bot',1119,'Local'),(1582562979,1582566242,3263,'azertyalex','misc',1120,'Local'),(1582565146,1582574780,9634,'kendalf666','3bot',1121,'VPN'),(1582608689,1582635301,26612,'SingleCore','3botconnect',1122,'Local'),(1582610573,1582641301,30728,'jonaswijne','wallet',1123,'Local'),(1582617120,1582624800,7680,'Kristofvanstappen','mgmt',1124,'VPN'),(1582617602,1582622402,4800,'deanverjans','3bot',1125,'Local'),(1582617951,1582617951,0,'ivancoene',NULL,1126,'Local'),(1582618319,1582625281,6962,'ivancoene','3bot',1127,'Local'),(1582618804,1582639201,20397,'JohnKarl','browser',1128,'Local'),(1582619042,1582648322,29280,'jasperSchreel','3bot_wallet',1129,'Local'),(1582619101,1582628882,9781,'tchielens','3bot',1130,'Local'),(1582622689,1582642990,20301,'kendalf666','3bot',1131,'Local'),(1582622762,1582633501,10739,'azertyalex','misc',1132,'VPN'),(1582622932,1582643282,20350,'deanverjans','3bot',1133,'Local'),(1582626060,1582638481,12421,'ivancoene','3bot',1134,'Local'),(1582627320,1582628641,1321,'Kristofvanstappen','mgmt',1135,'VPN'),(1582629593,1582630802,1209,'tchielens','wallet',1136,'Local'),(1582631899,1582645202,13303,'tchielens','wallet',1137,'Local'),(1582633681,1582637881,4200,'Kristofvanstappen','mgmt',1138,'VPN'),(1582634068,0,1200,'azertyalex','misc',1139,'Manual'),(1582635347,1582637102,1755,'SingleCore','3botconnect',1140,'Local'),(1582633053,0,5400,'Jonaswijne','wallet',1141,'Manual'),(1582639130,1582648080,8950,'ivancoene','3bot',1142,'Local'),(1582642996,1582646361,3365,'kendalf666','3botapp',1143,'Local'),(1582643061,1582651141,8080,'jonaswijne','wallet',1144,'Local'),(1582651263,1582651863,600,'azertyalex','kimeru',1145,'VPN'),(1582649470,0,1800,'azertyalex','kimeru',1146,'Manual'),(1582674513,0,1200,'azertyalex','browser',1147,'Manual'),(1582700882,1582702562,1680,'jonaswijne','wallet',1148,'Local'),(1582701863,1582702162,299,'JohnKarl','browser',1149,'VPN'),(1582702201,1582719961,17760,'Kristofvanstappen','mgmt',1150,'Local'),(1582702462,1582702462,0,'JohnKarl',NULL,1151,'VPN'),(1582702606,1582729861,23655,'Jonaswijne','wallet',1152,'Local'),(1582702762,1582702762,0,'JohnKarl',NULL,1153,'VPN'),(1582703062,1582703062,0,'JohnKarl',NULL,1154,'VPN'),(1582703362,1582703660,298,'JohnKarl','browser',1155,'VPN'),(1582703485,1582708190,4705,'kendalf666','break',1156,'Local'),(1582703960,1582703960,0,'JohnKarl',NULL,1157,'VPN'),(1582704242,1582729682,25440,'deanverjans','timby',1158,'Local'),(1582704260,1582704260,0,'JohnKarl',NULL,1159,'VPN'),(1582704560,1582704560,0,'JohnKarl',NULL,1160,'VPN'),(1582704782,1582736342,31560,'tchielens','wallet',1161,'Local'),(1582704860,1582704860,0,'JohnKarl',NULL,1162,'VPN'),(1582705160,1582705160,0,'JohnKarl',NULL,1163,'VPN'),(1582705460,1582705460,0,'JohnKarl',NULL,1164,'VPN'),(1582705682,1582716001,10319,'jasperSchreel','3bot_wallet',1165,'Local'),(1582705760,1582705760,0,'JohnKarl',NULL,1166,'VPN'),(1582706060,1582706060,0,'JohnKarl',NULL,1167,'VPN'),(1582706360,1582706360,0,'JohnKarl',NULL,1168,'VPN'),(1582706660,1582706660,0,'JohnKarl',NULL,1169,'VPN'),(1582706960,1582706960,0,'JohnKarl',NULL,1170,'VPN'),(1582707260,1582707260,0,'JohnKarl',NULL,1171,'VPN'),(1582707560,1582707560,0,'JohnKarl',NULL,1172,'VPN'),(1582707841,1582723201,15360,'ivancoene','3bot',1173,'Local'),(1582707860,1582707860,0,'JohnKarl',NULL,1174,'VPN'),(1582708161,1582708460,299,'JohnKarl','browser',1175,'VPN'),(1582708760,1582708760,0,'JohnKarl',NULL,1176,'VPN'),(1582709060,1582709060,0,'JohnKarl',NULL,1177,'VPN'),(1582709360,1582709360,0,'JohnKarl',NULL,1178,'VPN'),(1582709428,1582737119,23011,'kendalf666','3botapp',1179,'Local'),(1582709660,1582709660,0,'JohnKarl',NULL,1180,'VPN'),(1582709960,1582709960,0,'JohnKarl',NULL,1181,'VPN'),(1582710260,1582710260,0,'JohnKarl',NULL,1182,'VPN'),(1582710560,1582710560,0,'JohnKarl',NULL,1183,'VPN'),(1582710860,1582710860,0,'JohnKarl',NULL,1184,'VPN'),(1582710960,1582736882,25922,'SingleCore','timby',1185,'Local'),(1582711160,1582711160,0,'JohnKarl',NULL,1186,'VPN'),(1582711460,1582711460,0,'JohnKarl',NULL,1187,'VPN'),(1582711760,1582711760,0,'JohnKarl',NULL,1188,'VPN'),(1582712060,1582712060,0,'JohnKarl',NULL,1189,'VPN'),(1582712360,1582712360,0,'JohnKarl',NULL,1190,'VPN'),(1582712660,1582712660,0,'JohnKarl',NULL,1191,'VPN'),(1582712960,1582712960,0,'JohnKarl',NULL,1192,'VPN'),(1582713260,1582713260,0,'JohnKarl',NULL,1193,'VPN'),(1582713560,1582713560,0,'JohnKarl',NULL,1194,'VPN'),(1582713604,1582738862,23458,'azertyalex','browser',1195,'Local'),(1582713860,1582713860,0,'JohnKarl',NULL,1196,'VPN'),(1582714160,1582714160,0,'JohnKarl',NULL,1197,'VPN'),(1582714460,1582714460,0,'JohnKarl',NULL,1198,'VPN'),(1582714760,1582714760,0,'JohnKarl',NULL,1199,'VPN'),(1582715060,1582715060,0,'JohnKarl',NULL,1200,'VPN'),(1582715360,1582715360,0,'JohnKarl',NULL,1201,'VPN'),(1582715660,1582715660,0,'JohnKarl',NULL,1202,'VPN'),(1582715960,1582715960,0,'JohnKarl',NULL,1203,'VPN'),(1582716160,1582735202,19042,'jasperSchreel','paypalAPI',1204,'Local'),(1582716260,1582716260,0,'JohnKarl',NULL,1205,'VPN'),(1582716560,1582716560,0,'JohnKarl',NULL,1206,'VPN'),(1582716860,1582716860,0,'JohnKarl',NULL,1207,'VPN'),(1582717160,1582717160,0,'JohnKarl',NULL,1208,'VPN'),(1582717460,1582717460,0,'JohnKarl',NULL,1209,'VPN'),(1582717760,1582717760,0,'JohnKarl',NULL,1210,'VPN'),(1582718060,1582718060,0,'JohnKarl',NULL,1211,'VPN'),(1582718360,1582718360,0,'JohnKarl',NULL,1212,'VPN'),(1582718660,1582718660,0,'JohnKarl',NULL,1213,'VPN'),(1582718960,1582718960,0,'JohnKarl',NULL,1214,'VPN'),(1582719260,1582719260,0,'JohnKarl',NULL,1215,'VPN'),(1582719560,1582719560,0,'JohnKarl',NULL,1216,'VPN'),(1582719860,1582719860,0,'JohnKarl',NULL,1217,'VPN'),(1582720160,1582720160,0,'JohnKarl',NULL,1218,'VPN'),(1582720460,1582720460,0,'JohnKarl',NULL,1219,'VPN'),(1582720760,1582720760,0,'JohnKarl',NULL,1220,'VPN'),(1582721060,1582721060,0,'JohnKarl',NULL,1221,'VPN'),(1582721161,1582723321,2160,'Kristofvanstappen','mgmt',1222,'Local'),(1582721360,1582721360,0,'JohnKarl',NULL,1223,'VPN'),(1582721660,1582721660,0,'JohnKarl',NULL,1224,'VPN'),(1582721960,1582721960,0,'JohnKarl',NULL,1225,'VPN'),(1582722260,1582722260,0,'JohnKarl',NULL,1226,'VPN'),(1582722560,1582722560,0,'JohnKarl',NULL,1227,'VPN'),(1582722860,1582722860,0,'JohnKarl',NULL,1228,'VPN'),(1582723160,1582723160,0,'JohnKarl',NULL,1229,'VPN'),(1582723460,1582723460,0,'JohnKarl',NULL,1230,'VPN'),(1582723725,1582724400,675,'ivancoene','3bot',1231,'Local'),(1582723760,1582723760,0,'JohnKarl',NULL,1232,'VPN'),(1582724060,1582724060,0,'JohnKarl',NULL,1233,'VPN'),(1582724161,1582725600,1439,'Kristofvanstappen','3bot',1234,'Local'),(1582724754,1582742401,17647,'ivancoene','3bot',1235,'Local'),(1582726561,1582729320,2759,'Kristofvanstappen','mgmt',1236,'Local'),(1582715604,0,13200,'JohnKarl','browser',1237,'Manual'),(1582728860,1582728860,0,'JohnKarl',NULL,1238,'VPN'),(1582729160,1582729160,0,'JohnKarl',NULL,1239,'VPN'),(1582729460,1582729460,0,'JohnKarl',NULL,1240,'VPN'),(1582729760,1582729760,0,'JohnKarl',NULL,1241,'VPN'),(1582730060,1582730060,0,'JohnKarl',NULL,1242,'VPN'),(1582736739,1582738921,2182,'jonaswijne','wallet',1243,'Local'),(1582759322,1582764062,4740,'azertyalex','browser',1244,'VPN'),(1582782549,1582786161,3612,'kendalf666',NULL,1245,'Local'),(1582785364,1582812242,26878,'JohnKarl','browser',1246,'Local'),(1582789201,1582789920,719,'ivancoene',NULL,1247,'VPN'),(1582790402,1582792321,1919,'deanverjans','timby',1248,'Local'),(1582790462,1582806362,15900,'tchielens','3bot',1249,'Local'),(1582791362,1582797362,6000,'jasperSchreel','paypalAPI',1250,'Local'),(1582792343,1582799042,6699,'deanverjans','3bot',1251,'Local'),(1582794001,1582806480,12479,'ivancoene','3bot',1252,'VPN'),(1582795918,1582806393,6875,'kendalf666','3botapp',1253,'Local'),(1582796343,1582806362,10019,'SingleCore','3botconnect',1254,'Local'),(1582796343,1582796343,0,'SingleCore',NULL,1255,'Local'),(1582797372,1582806242,8870,'jasperSchreel','BAP-passwordlessAuth',1256,'Local'),(1582799522,1582806241,6719,'deanverjans','timby',1257,'Local'),(1582801563,1582812302,9539,'azertyalex','browser',1258,'Local'),(1582805495,1582806362,867,'jonaswijne','wallet',1259,'Local'),(1582806700,1582812302,5602,'kendalf666','3botapp',1260,'Local'),(1582806722,1582812301,5579,'tchielens','3bot',1261,'Local'),(1582806722,1582812302,5580,'SingleCore','3botconnect',1262,'Local'),(1582806782,1582808701,1919,'jonaswijne','wallet',1263,'Local'),(1582806962,1582812241,5279,'jasperSchreel','BAP-passwordlessAuth',1264,'Local'),(1582806962,1582812241,5279,'deanverjans','timby',1265,'Local'),(1582809242,1582809303,61,'jonaswijne',NULL,1266,'Local'),(1582810861,1582812302,1441,'jonaswijne','misc',1267,'Local');
/*!40000 ALTER TABLE `time_entries` ENABLE KEYS */;
UNLOCK TABLES;

--
-- Table structure for table `time_entries_fked`
--

DROP TABLE IF EXISTS `time_entries_fked`;
/*!40101 SET @saved_cs_client     = @@character_set_client */;
/*!40101 SET character_set_client = utf8 */;
CREATE TABLE `time_entries_fked` (
  `begintime` int(11) NOT NULL,
  `lasttime` int(11) NOT NULL,
  `totaltime` int(11) NOT NULL,
  `user` text,
  `project` text,
  `ID` int(11) NOT NULL AUTO_INCREMENT,
  `type` varchar(255) DEFAULT NULL,
  PRIMARY KEY (`ID`)
) ENGINE=InnoDB AUTO_INCREMENT=819 DEFAULT CHARSET=utf8mb4;
/*!40101 SET character_set_client = @saved_cs_client */;

--
-- Dumping data for table `time_entries_fked`
--

LOCK TABLES `time_entries_fked` WRITE;
/*!40000 ALTER TABLE `time_entries_fked` DISABLE KEYS */;
INSERT INTO `time_entries_fked` VALUES (1575891216,1575891293,77,'jdelrue','timby',1,'Local'),(1575891241,1575891301,60,'azertyalex','misc',2,'Local'),(1575891302,1575891302,0,'tchielens','misc',3,'Local'),(1575891361,1575891361,0,'SingleCore','misc',4,'Local'),(1575892321,1575892562,241,'JohnKarl','misc',5,'Local'),(1575892382,1575892502,120,'azertyalex','misc',6,'Local'),(1575892501,1575892501,0,'tchielens','misc',7,'Local'),(1575892549,1575892549,0,'jdelrue','misc',8,'Local'),(1575893313,1575897361,4048,'jdelrue','timby',9,'Local'),(1575893342,1575893581,239,'azertyalex','kimeru',10,'Local'),(1575893401,1575893401,0,'tchielens','wallet',11,'Local'),(1575893521,1575900002,6481,'SingleCore','3botconnect',12,'Local'),(1575893522,1575908401,14879,'JohnKarl','browser',13,'Local'),(1575893630,1575905342,11712,'azertyalex','kimeru',14,'Local'),(1575893702,1575894302,600,'tchielens','wallet',15,'Local'),(1575894602,1575894901,299,'tchielens','wallet',16,'Local'),(1575895201,1575895201,0,'tchielens','misc',17,'Local'),(1575895502,1575897301,1799,'tchielens','wallet',18,'Local'),(1575897531,1575910801,13270,'jdelrue','browser',19,'Local'),(1575897601,1575897601,0,'tchielens','misc',20,'Local'),(1575897901,1575897901,0,'tchielens','misc',21,'Local'),(1575898201,1575898201,0,'tchielens','misc',22,'Local'),(1575898502,1575911221,12719,'tchielens','wallet',23,'Local'),(1575900722,1575909601,8879,'SingleCore','3botconnect',24,'Local'),(1575906429,1575911882,5453,'azertyalex','kimeru',25,'Local'),(1575915782,1575916922,1140,'azertyalex','kimeru',26,'Local'),(1575915842,1575916322,480,'jdelrue','browser',27,'Local'),(1575918962,1575924721,5759,'jdelrue','timby',28,'Local'),(1575923702,1575925142,1440,'tchielens','wallet',29,'Local'),(1575924242,1575924961,719,'ivancoene','3bot',30,'Local'),(1575924989,1575925201,212,'ivancoene','3bot',31,'Local'),(1575925419,1575935520,10101,'ivancoene','3botconnect',32,'Local'),(1575925443,1575925443,0,'jdelrue','misc',33,'Local'),(1575953041,1575961441,8400,'ivancoene','wallet',34,'Local'),(1575962647,1575965280,233,'ivancoene','wallet',35,'Local'),(1575964802,1575978301,13499,'tchielens','wallet',36,'Local'),(1575965761,1575968400,2639,'ivancoene','wallet',37,'Local'),(1575966002,1575969601,3299,'jdelrue','timby',38,'Local'),(1575966017,1575999842,32025,'JohnKarl','browser',39,'Local'),(1575966721,1575996721,30000,'SingleCore','3botconnect',40,'Local'),(1575968479,1575968881,402,'ivancoene','wallet',41,'Local'),(1575969702,1575990722,19220,'jdelrue','browser',42,'Local'),(1575976503,1576002721,23518,'azertyalex','kimeru',43,'Local'),(1575979352,1575994622,15270,'tchielens','wallet',44,'Local'),(1575990923,1575999602,8679,'jdelrue','admin',45,'Local'),(1575991501,1575991800,299,'Kristofvanstappen','misc',46,'Local'),(1575995700,1575995700,0,'Kristofvanstappen','misc',47,'Local'),(1575996001,1575996300,299,'Kristofvanstappen','misc',48,'Local'),(1575996601,1575996901,300,'Kristofvanstappen','misc',49,'Local'),(1575997201,1575997501,300,'Kristofvanstappen','misc',50,'Local'),(1576008602,1576011121,2519,'azertyalex','kimeru',51,'Local'),(1576046640,1576049041,2401,'ivancoene','wallet',52,'Local'),(1576050842,1576082701,31859,'tchielens','wallet',53,'Local'),(1576051166,1576056961,5795,'ivancoene','wallet',54,'Local'),(1576053122,1576083122,30000,'SingleCore','3botconnect',55,'Local'),(1576053601,1576057202,3601,'jdelrue','admin',56,'Local'),(1576057296,1576070162,11666,'jdelrue','bliep',57,'Local'),(1576062030,1576065601,3571,'azertyalex','kimeru',58,'Local'),(1576064163,1576097042,32879,'JohnKarl','browser',59,'Local'),(1576065646,1576068482,2836,'azertyalex','browser',60,'Local'),(1576068541,1576103642,33301,'azertyalex','kimeru',61,'Local'),(1576070261,1576098722,28461,'jdelrue','browser',62,'Local'),(1576136642,1576145281,8639,'SingleCore','3botconnect',63,'Local'),(1576138683,1576170182,31499,'tchielens','wallet',64,'Local'),(1576140301,1576140301,0,'Kristofvanstappen','misc',65,'Local'),(1576141250,1576143123,1873,'JohnKarl','browser',66,'Local'),(1576142642,1576146961,4319,'jdelrue','misc',67,'Local'),(1576143601,1576143900,299,'Kristofvanstappen','admin',68,'Local'),(1576144201,1576144800,599,'Kristofvanstappen','misc',69,'Local'),(1576144693,1576162321,15828,'JohnKarl','browser',70,'Local'),(1576145101,1576145101,0,'Kristofvanstappen','misc',71,'Local'),(1576145401,1576145701,300,'Kristofvanstappen','misc',72,'Local'),(1576146001,1576146300,299,'Kristofvanstappen','misc',73,'Local'),(1576146601,1576146601,0,'Kristofvanstappen','misc',74,'Local'),(1576146901,1576147500,599,'Kristofvanstappen','misc',75,'Local'),(1576146941,1576151821,4280,'azertyalex','kimeru',76,'Local'),(1576147441,1576168321,20880,'SingleCore','3botconnect',77,'Local'),(1576147801,1576148101,300,'Kristofvanstappen','misc',78,'Local'),(1576148401,1576148700,299,'Kristofvanstappen','misc',79,'Local'),(1576149001,1576149600,599,'Kristofvanstappen','misc',80,'Local'),(1576149901,1576149901,0,'Kristofvanstappen','misc',81,'Local'),(1576150201,1576151100,899,'Kristofvanstappen','misc',82,'Local'),(1576151401,1576151700,299,'Kristofvanstappen','admin',83,'Local'),(1576152001,1576152300,299,'Kristofvanstappen','misc',84,'Local'),(1576152601,1576152900,299,'Kristofvanstappen','misc',85,'Local'),(1576153201,1576153500,299,'Kristofvanstappen','misc',86,'Local'),(1576153801,1576154400,599,'Kristofvanstappen','misc',87,'Local'),(1576154701,1576154701,0,'Kristofvanstappen','misc',88,'Local'),(1576155001,1576155001,0,'Kristofvanstappen','misc',89,'Local'),(1576155601,1576155900,299,'Kristofvanstappen','misc',90,'Local'),(1576156200,1576156200,0,'Kristofvanstappen','misc',91,'Local'),(1576156501,1576156800,299,'Kristofvanstappen','misc',92,'Local'),(1576157101,1576157401,300,'Kristofvanstappen','misc',93,'Local'),(1576157918,1576158300,382,'Kristofvanstappen','misc',94,'Local'),(1576158601,1576158901,300,'Kristofvanstappen','misc',95,'Local'),(1576159201,1576159500,299,'Kristofvanstappen','misc',96,'Local'),(1576159803,1576160100,297,'Kristofvanstappen','admin',97,'Local'),(1576160401,1576161000,599,'Kristofvanstappen','misc',98,'Local'),(1576161301,1576161900,599,'Kristofvanstappen','misc',99,'Local'),(1576161397,1576171682,9985,'azertyalex','kimeru',100,'Local'),(1576162201,1576162201,0,'Kristofvanstappen','misc',101,'Local'),(1576162501,1576162800,299,'Kristofvanstappen','misc',102,'Local'),(1576163101,1576163101,0,'Kristofvanstappen','misc',103,'Local'),(1576163401,1576163700,299,'Kristofvanstappen','misc',104,'Local'),(1576164001,1576164900,899,'Kristofvanstappen','misc',105,'Local'),(1576165201,1576165800,599,'Kristofvanstappen','misc',106,'Local'),(1576166101,1576166101,0,'Kristofvanstappen','misc',107,'Local'),(1576192562,1576199041,6479,'azertyalex','kimeru',108,'Local'),(1576223282,1576245601,22319,'JohnKarl','browser',109,'Local'),(1576223403,1576254002,30599,'tchielens','wallet',110,'Local'),(1576226401,1576251601,25200,'SingleCore','3botconnect',111,'Local'),(1576226882,1576226882,0,'jdelrue','misc',112,'Local'),(1576227362,1576229042,1680,'jdelrue','admin',113,'Local'),(1576228802,1576244161,15359,'Kristofvanstappen','admin',114,'Local'),(1576229521,1576247761,18240,'jdelrue','browser',115,'Local'),(1576232609,1576235401,2192,'azertyalex','kimeru',116,'Local'),(1576238402,1576249142,10740,'azertyalex','kimeru',117,'Local'),(1576246321,1576252560,6239,'Kristofvanstappen','wallet',118,'Local'),(1576247790,1576253042,5252,'jdelrue','3botconnect',119,'Local'),(1576249501,1576254602,5101,'azertyalex','misc',120,'Local'),(1576254626,1576259701,5075,'azertyalex','browser',121,'Local'),(1576395122,1576399202,4080,'jdelrue','browser',122,'Local'),(1576400642,1576401841,1199,'jdelrue','browser',123,'Local'),(1576410496,1576412641,2145,'azertyalex','browser',124,'Local'),(1576413361,1576416121,2760,'azertyalex','browser',125,'Local'),(1576479146,1576510321,29375,'JohnKarl','browser',126,'Local'),(1576483560,1576485241,1681,'Kristofvanstappen','admin',127,'Local'),(1576484079,1576485841,562,'ivancoene','ifan',128,'Local'),(1576484402,1576492322,7920,'jdelrue','admin',129,'Local'),(1576485004,1576513261,25857,'tchielens','wallet',130,'Local'),(1576486074,1576488240,2166,'ivancoene','3botconnect',131,'Local'),(1576487410,1576496701,8811,'azertyalex','browser',132,'Local'),(1576488481,1576489800,1319,'Kristofvanstappen','browser',133,'Local'),(1576488720,1576491840,2220,'ivancoene','3botconnect',134,'Local'),(1576485146,0,3600,'JohnKarl','browser',135,'Manual'),(1576489897,1576493041,3144,'Kristofvanstappen','admin',136,'Local'),(1576492473,1576494961,2488,'ivancoene','3botconnect',137,'Local'),(1576493423,1576495440,2017,'Kristofvanstappen','misc',138,'Local'),(1576490534,0,4800,'jdelrue','admin',139,'Manual'),(1576497630,1576509601,11971,'jdelrue','3botconnect',140,'Local'),(1576497961,1576511040,13079,'Kristofvanstappen','admin',141,'Local'),(1576499582,1576501622,2040,'azertyalex','browser',142,'Local'),(1576499761,1576519681,19920,'ivancoene','3botconnect',143,'Local'),(1576502044,1576506421,3777,'azertyalex','misc',144,'Local'),(1576506842,1576520942,14100,'azertyalex','browser',145,'Local'),(1576568223,1576593662,25439,'tchielens','freeflowpages',146,'Local'),(1576570619,1576571042,423,'jdelrue','admin',147,'Local'),(1576571206,1576588802,17596,'jdelrue','browser',148,NULL),(1576572000,1576572960,960,'ivancoene','3botconnect',149,'Local'),(1576572242,1576595041,22799,'JohnKarl','browser',150,'Local'),(1576573205,1576573441,236,'ivancoene','3botconnect',151,NULL),(1576573793,1576596001,22208,'ivancoene','3botconnect',152,'Local'),(1576576142,1576597202,21060,'azertyalex','browser',153,'Local'),(1576569298,0,7200,'JohnKarl','browser',154,'Manual'),(1576589281,1576591202,1921,'jdelrue','admin',155,'Local'),(1576591681,1576602001,10320,'jdelrue','admin',156,'Local'),(1576593713,1576600861,5348,'tchielens','wallet',157,NULL),(1576597234,1576600322,3088,'azertyalex','3botconnect',158,NULL),(1576598761,1576604881,6120,'Kristofvanstappen','admin',159,'VPN'),(1576655040,1576657441,2401,'ivancoene','3botconnect',160,'Local'),(1576657562,1576658762,1200,'tchielens','admin',161,'Local'),(1576659232,1576660801,1569,'ivancoene','misc',162,'Local'),(1576659480,1576685161,25681,'Kristofvanstappen','admin',163,'Local'),(1576660202,1576665361,5159,'tchielens','admin',164,'Local'),(1576660986,1576697520,36534,'ivancoene','3botconnect',165,NULL),(1576665380,1576685521,20141,'tchielens','wallet',166,NULL),(1576668704,1576671481,2777,'azertyalex','3botconnect',167,'Local'),(1576671496,1576678502,7006,'azertyalex','browser',168,NULL),(1576676641,1576693682,17041,'jdelrue','admin',169,'Local'),(1576678536,1576690741,11605,'azertyalex','misc',170,NULL),(1576693818,1576700881,7063,'jdelrue','browser',171,NULL),(1576697848,1576697848,0,'ivancoene','misc',172,'Local'),(1576741854,1576773121,31267,'ivancoene','3botconnect',173,'Local'),(1576743723,1576771681,27958,'tchielens','wallet',174,'Local'),(1576745042,1576763764,18722,'jdelrue','admin',175,'Local'),(1576752092,1576767422,15330,'azertyalex','browser',176,'Local'),(1576764241,1576773122,8881,'jdelrue','browser',177,'Local'),(1576767467,1576770662,3195,'azertyalex','3botconnect',178,NULL),(1576767129,0,2400,'Kristofvanstappen','admin',179,'Manual'),(1576770961,1576772640,1679,'Kristofvanstappen','3botconnect',180,'VPN'),(1576767401,0,3600,'Kristofvanstappen','admin',181,'Manual'),(1576772678,1576774201,1523,'Kristofvanstappen','admin',182,NULL),(1576772794,1576773422,628,'azertyalex','3botconnect',183,'VPN'),(1576773959,1576774921,962,'azertyalex','3botconnect',184,'VPN'),(1576773916,0,60,'azertyalex','timby',185,'Manual'),(1576793282,1576795263,1981,'azertyalex','3botconnect',186,'VPN'),(1576825321,1576827840,2519,'Kristofvanstappen','admin',187,'VPN'),(1576827857,1576827857,0,'Kristofvanstappen','3botconnect',188,NULL),(1576829281,1576830241,960,'jdelrue','3botconnect',189,'Local'),(1576829390,1576863001,33611,'Kristofvanstappen','3botconnect',190,'VPN'),(1576830121,1576867441,37320,'tchielens','wallet',191,'Local'),(1576830721,1576831443,722,'jdelrue','3botconnect',192,'Local'),(1576831921,1576840143,8222,'jdelrue','3botconnect',193,'Local'),(1576832613,1576837382,4769,'azertyalex','3botconnect',194,'Local'),(1576834564,1576854483,19919,'JohnKarl','browser',195,'Local'),(1576837432,1576837502,70,'azertyalex','browser',196,NULL),(1576837560,1576870081,31621,'azertyalex','3botconnect',197,NULL),(1576839951,1576840103,152,'ivancoene','misc',198,'Local'),(1576840502,1576843742,3240,'jdelrue','3botconnect',199,'Local'),(1576841090,1576849440,8350,'ivancoene','3botconnect',200,'Local'),(1576844102,1576851481,7379,'jdelrue','3botconnect',201,'Local'),(1576846861,1576846861,0,'azertyalex','browser',202,NULL),(1576850161,1576864320,14159,'ivancoene','3botconnect',203,'Local'),(1576851842,1576875781,23939,'jdelrue','3botconnect',204,'Local'),(1576864081,1576872121,8040,'Kristofvanstappen','3botconnect',205,'VPN'),(1576864866,1576879921,15055,'ivancoene','3botconnect',206,'Local'),(1576870116,1576875841,5725,'azertyalex','3botconnect',207,NULL),(1577082241,1577088480,6239,'ivancoene','3botconnect',208,'Local'),(1577082831,1577092683,9852,'jdelrue','3botconnect',209,'Local'),(1577085001,1577091480,6479,'Kristofvanstappen','admin',210,'VPN'),(1577088303,1577116922,27419,'tchielens','wallet',211,'Local'),(1577088840,1577113241,24401,'ivancoene','3botconnect',212,'Local'),(1577093041,1577109422,16381,'jdelrue','3botconnect',213,'Local'),(1577099410,1577116681,17271,'azertyalex','misc',214,'Local'),(1577109721,1577111521,1800,'Kristofvanstappen','admin',215,'VPN'),(1577109782,1577110502,720,'jdelrue','3botconnect',216,'Local'),(1577111943,1577113023,1080,'jdelrue','3botconnect',217,'VPN'),(1577129161,1577129881,720,'Kristofvanstappen','admin',218,'VPN'),(1577133601,1577136722,3121,'azertyalex','browser',219,'VPN'),(1577135522,1577137501,1979,'jdelrue','3botconnect',220,'VPN'),(1577137202,1577151121,13739,'azertyalex','browser',221,'VPN'),(1577166241,1577172720,6479,'ivancoene','3botconnect',222,'VPN'),(1577170080,1577171760,1680,'Kristofvanstappen','admin',223,'VPN'),(1577172097,1577172120,23,'Kristofvanstappen','misc',224,'VPN'),(1577172565,1577172600,35,'Kristofvanstappen','misc',225,'VPN'),(1577172602,1577186042,13440,'tchielens','wallet',226,'Local'),(1577172944,1577172961,17,'Kristofvanstappen','misc',227,'VPN'),(1577173137,1577175601,2464,'ivancoene','3botconnect',228,'VPN'),(1577175941,1577176320,379,'ivancoene','misc',229,'VPN'),(1577177041,1577177161,120,'Kristofvanstappen','misc',230,'VPN'),(1577181707,1577182201,494,'Kristofvanstappen','admin',231,'VPN'),(1577187602,1577192281,4079,'azertyalex','misc',232,'VPN'),(1577206464,1577206560,96,'ivancoene','misc',233,'VPN'),(1577299320,1577299440,120,'Kristofvanstappen','misc',234,'VPN'),(1577343720,1577359922,16202,'Kristofvanstappen','admin',235,'VPN'),(1577346301,1577375647,29346,'jdelrue','3botconnect',236,'Local'),(1577348645,1577377201,28556,'tchielens','wallet',237,'Local'),(1577353201,1577353201,0,'ivancoene','misc',238,'VPN'),(1577354160,1577355361,1201,'ivancoene','3botconnect',239,'VPN'),(1577361481,1577368681,7200,'Kristofvanstappen','admin',240,'VPN'),(1577365921,1577377322,7201,'azertyalex','browser',241,'VPN'),(1577369040,1577369040,0,'Kristofvanstappen','misc',242,'VPN'),(1577369400,1577369521,121,'Kristofvanstappen','admin',243,'VPN'),(1577369580,1577376120,6540,'Kristofvanstappen','admin',244,NULL),(1577385120,1577385721,601,'Kristofvanstappen','misc',245,'VPN'),(1577426624,1577436000,9376,'ivancoene','3botconnect',246,'Local'),(1577435037,1577463001,27964,'tchielens','wallet',247,'Local'),(1577435401,1577458621,23220,'jdelrue','3botconnect',248,'Local'),(1577436000,1577438161,2161,'Kristofvanstappen','3botconnect',249,'Local'),(1577436599,1577448241,11642,'ivancoene','3botconnect',250,'Local'),(1577440201,1577445961,5760,'Kristofvanstappen','admin',251,'Local'),(1577440322,1577451242,10320,'azertyalex','browser',252,'VPN'),(1577449123,1577462280,13157,'Kristofvanstappen','admin',253,'Local'),(1577455682,1577458561,2879,'azertyalex','vlaio',254,'VPN'),(1577458620,1577464442,5822,'azertyalex','browser',255,NULL),(1577476261,1577481122,4861,'jdelrue','3botconnect',256,'VPN'),(1577522522,1577528101,5579,'jdelrue','3botconnect',257,'VPN'),(1577529901,1577530982,1081,'jdelrue','misc',258,'VPN'),(1577687581,1577690822,3241,'jdelrue','3botconnect',259,'VPN'),(1577692262,1577707562,15300,'jdelrue','3botconnect',260,'Local'),(1577695348,1577720642,25294,'tchielens','wallet',261,'Local'),(1577700185,1577720461,18476,'azertyalex','3botconnect',262,'Local'),(1577767920,1577771041,3121,'ivancoene','3botconnect',263,'VPN'),(1577780160,1577781841,1681,'ivancoene','3botconnect',264,'VPN'),(1577780281,1577788562,8281,'jdelrue','3botconnect',265,'VPN'),(1577784961,1577788801,3840,'ivancoene','3botconnect',266,'VPN'),(1577785849,0,1800,'azertyalex','3botconnect',267,'Manual'),(1577951641,1577982421,30780,'jdelrue','3botconnect',268,'Local'),(1577952120,1577952120,0,'Kristofvanstappen','misc',269,'Local'),(1577952586,1577954881,2295,'Kristofvanstappen','admin',270,'Local'),(1577953502,1577955962,2460,'tchielens','wallet',271,'Local'),(1577955205,1577964241,9036,'Kristofvanstappen','admin',272,'Local'),(1577956081,1577957761,1680,'JohnKarl','wallet',273,'Local'),(1577956089,1577986320,30231,'ivancoene','3botconnect',274,'Local'),(1577957886,1577958073,187,'tchielens','admin',275,'Local'),(1577957957,1577983202,25245,'JohnKarl','browser',276,NULL),(1577958399,1577958495,96,'tchielens','admin',277,'Local'),(1577959742,1577964062,4320,'tchielens','admin',278,'Local'),(1577966145,1577972882,6737,'tchielens','wallet',279,'Local'),(1577966161,1577981521,15360,'Kristofvanstappen','admin',280,'Local'),(1577973542,1577976902,3360,'tchielens','wallet',281,'Local'),(1578032102,1578067382,35280,'jdelrue','3botconnect',282,'Local'),(1578033586,1578037081,3495,'azertyalex','browser',283,'Local'),(1578034920,1578065881,30961,'Kristofvanstappen','admin',284,'VPN'),(1578037122,1578042961,5839,'azertyalex','misc',285,NULL),(1578039259,1578062880,23621,'ivancoene','3botconnect',286,'Local'),(1578042285,1578068402,26117,'JohnKarl','browser',287,'Local'),(1578043008,1578047642,4634,'azertyalex','3botconnect',288,NULL),(1578044401,1578044401,0,'tchielens','wallet',289,'Local'),(1578038474,0,6000,'tchielens','wallet',290,'Manual'),(1578044701,1578044701,0,'tchielens','misc',291,'Local'),(1578045002,1578045602,600,'tchielens','wallet',292,'Local'),(1578046502,1578046502,0,'tchielens','misc',293,'Local'),(1578046802,1578046802,0,'tchielens','misc',294,'Local'),(1578047102,1578047102,0,'tchielens','misc',295,'Local'),(1578047402,1578047402,0,'tchielens','misc',296,'Local'),(1578047686,1578052742,5056,'azertyalex','browser',297,NULL),(1578047702,1578047702,0,'tchielens','misc',298,'Local'),(1578048002,1578048002,0,'tchielens','misc',299,'Local'),(1578048303,1578049201,898,'tchielens','wallet',300,'Local'),(1578049501,1578049501,0,'tchielens','misc',301,'Local'),(1578049801,1578049801,0,'tchielens','misc',302,'Local'),(1578050102,1578053162,3060,'tchielens','wallet',303,'Local'),(1578052777,1578058682,5905,'azertyalex','3botconnect',304,NULL),(1578054902,1578069601,14699,'tchielens','wallet',305,'Local'),(1578058704,1578073562,12458,'azertyalex','browser',306,NULL),(1578143915,0,36000,'jdelrue','3botconnect',307,'Manual'),(1578180295,0,3600,'azertyalex','3botconnect',308,'Manual'),(1578182934,0,3600,'azertyalex','3botconnect',309,'Manual'),(1578291886,1578308101,16215,'azertyalex','3botconnect',310,'Local'),(1578297002,1578308222,11220,'tchielens','wallet',311,'Local'),(1578297842,1578319921,22079,'JohnKarl','browser',312,'Local'),(1578298142,1578323701,25559,'jdelrue','3botconnect',313,'Local'),(1578298394,1578322801,24407,'ivancoene','3botconnect',314,'Local'),(1578298441,1578298441,0,'Kristofvanstappen','misc',315,'VPN'),(1578299401,1578299401,0,'Kristofvanstappen','misc',316,'VPN'),(1578308119,1578313201,5082,'azertyalex','browser',317,NULL),(1578311280,1578329281,18001,'Kristofvanstappen','admin',318,'Local'),(1578312024,1578330901,18877,'tchielens','wallet',319,'Local'),(1578313249,1578328922,15673,'azertyalex','3botconnect',320,NULL),(1578320401,1578325202,4801,'JohnKarl','browser',321,'Local'),(1578320546,1578320546,0,'kendalf666','3botconnect',322,'Local'),(1578320853,1578320853,0,NULL,'misc',323,'Local'),(1578321241,1578331982,10681,'kendalf666','3botconnect',324,'Local'),(1578304090,0,19200,'kendalf666','3botconnect',325,'Manual'),(1578322728,0,600,'kendalf666','3botconnect',326,'Manual'),(1578328941,1578335942,7001,'azertyalex','browser',327,NULL),(1578329102,1578339182,10080,'jdelrue','3botconnect',328,'VPN'),(1578335920,0,3600,'tchielens','wallet',329,'Manual'),(1578339541,1578342902,3361,'tchielens','wallet',330,'VPN'),(1578349948,0,3600,'azertyalex','3botconnect',331,'Manual'),(1578383283,1578410882,25799,'JohnKarl','browser',332,'Local'),(1578383566,1578411600,28034,'ivancoene','3botconnect',333,'Local'),(1578384767,1578396061,11294,'tchielens','wallet',334,'Local'),(1578386522,1578403802,17280,'jdelrue','3botconnect',335,'Local'),(1578388081,1578406561,18480,'Kristofvanstappen','admin',336,'VPN'),(1578396414,1578417241,20827,'tchielens','wallet',337,'Local'),(1578396782,1578407041,10259,'kendalf666','3botconnect',338,'Local'),(1578402223,1578417482,13459,'azertyalex','3botconnect',339,'Local'),(1578404702,1578411902,7200,'jdelrue','3botconnect',340,'Local'),(1578407068,1578421442,14374,'kendalf666','3bot',341,NULL),(1578413401,1578414001,600,'Kristofvanstappen','admin',342,'VPN'),(1578414481,1578415561,1080,'Kristofvanstappen','admin',343,'VPN'),(1578415876,1578416401,525,'ivancoene','3botconnect',344,'VPN'),(1578421440,1578421560,120,'Kristofvanstappen','admin',345,'VPN'),(1578421843,1578421921,78,'Kristofvanstappen','3botconnect',346,NULL),(1578423121,1578434400,11279,'ivancoene','3botconnect',347,'VPN'),(1578423122,1578425642,2520,'tchielens','wallet',348,'VPN'),(1578470404,1578496262,25858,'azertyalex','browser',349,'Local'),(1578471782,1578504302,32520,'tchielens','wallet',350,'Local'),(1578443957,0,28800,'jdelrue','3botconnect',351,'Manual'),(1578473282,1578501841,28559,'JohnKarl','browser',352,'Local'),(1578466698,0,7200,'ivancoene','3botconnect',353,'Manual'),(1578481201,1578508202,27001,'jdelrue','3botconnect',354,'VPN'),(1578482041,1578483721,1680,'Kristofvanstappen','admin',355,'VPN'),(1578483127,1578497041,13914,'ivancoene','3botconnect',356,'Local'),(1578484175,1578503881,19706,'Kristofvanstappen','admin',357,'VPN'),(1578496268,1578504301,8033,'azertyalex','3botconnect',358,NULL),(1578497619,1578504001,6382,'ivancoene','3botconnect',359,'Local'),(1578504002,1578504242,240,'SingleCore','3botconnect',360,'Local'),(1578508442,1578512041,3599,'tchielens','wallet',361,'VPN'),(1578551283,1578581282,29999,'JohnKarl','browser',362,'Local'),(1578553235,1578558241,5006,'ivancoene','3botconnect',363,'Local'),(1578557042,1578568081,11039,'tchielens','wallet',364,'Local'),(1578557161,1578587041,29880,'jdelrue','3botconnect',365,'Local'),(1578558567,1578558721,154,'ivancoene','misc',366,'Local'),(1578559680,1578582840,23160,'Kristofvanstappen','admin',367,'VPN'),(1578559921,1578581282,21361,'ivancoene','3botconnect',368,'Local'),(1578562562,1578587401,24839,'SingleCore','3botconnect',369,'Local'),(1578566041,1578573181,7140,'azertyalex','browser',370,'Local'),(1578574244,1578582842,8598,'tchielens','wallet',371,'Local'),(1578574262,1578583862,9600,'azertyalex','browser',372,'Local'),(1578637622,1578638881,1259,'jdelrue','misc',373,'VPN'),(1578640716,1578646322,5606,'JohnKarl','browser',374,'VPN'),(1578643441,1578655921,12480,'Kristofvanstappen','admin',375,'VPN'),(1578639997,0,3600,'Kristofvanstappen','admin',376,'Manual'),(1578644042,1578655562,11520,'tchielens','wallet',377,'Local'),(1578644827,1578665881,21054,'jdelrue','3botconnect',378,'Local'),(1578649203,1578664082,14879,'JohnKarl','browser',379,'Local'),(1578649321,1578671761,22440,'SingleCore','3botconnect',380,'Local'),(1578654372,1578684242,26270,'azertyalex','browser',381,'Local'),(1578656379,1578677401,21022,'tchielens','wallet',382,'Local'),(1578657360,1578677640,20280,'Kristofvanstappen','3botconnect',383,'VPN'),(1578670082,1578673441,3359,'JohnKarl','browser',384,'Local'),(1578665667,0,7200,'ivancoene','misc',385,'Manual'),(1578647733,0,25200,'ivancoene','3bot',386,'Manual'),(1578675887,1578675887,0,'ivancoene','misc',387,'Local'),(1578679939,1578692702,12763,'jdelrue','3botconnect',388,'Local'),(1578681073,1578692702,11629,'tchielens','wallet',389,'Local'),(1578738841,1578738841,0,'Kristofvanstappen','misc',390,'VPN'),(1578762121,1578762121,0,'Kristofvanstappen','misc',391,'VPN'),(1578834120,1578834360,240,'Kristofvanstappen','misc',392,'VPN'),(1578899051,1578909600,10549,'ivancoene','3bot',393,'Local'),(1578900482,1578936722,36240,'JohnKarl','browser',394,'Local'),(1578902735,1578913501,10766,'tchielens','wallet',395,'Local'),(1578903844,1578918421,14577,'jdelrue','3botconnect',396,'Local'),(1578904081,1578907201,3120,'Kristofvanstappen','admin',397,'Local'),(1578904861,1578935222,30361,'SingleCore','3botconnect',398,'Local'),(1578907310,1578939661,30851,'kendalf666','3bot',399,'Local'),(1578906520,0,900,'kendalf666','3bot',400,'Manual'),(1578908037,1578908042,5,'jonaswijne','misc',401,'Local'),(1578908161,1578925801,17640,'Kristofvanstappen','admin',402,'Local'),(1578909819,1578921360,11541,'ivancoene','3botconnect',403,NULL),(1578910562,1578924722,14160,'jonaswijne','pkid',404,'Local'),(1578911929,1578944281,32352,'azertyalex','browser',405,'Local'),(1578915722,1578934862,19140,'tchielens','wallet',406,'Local'),(1578921543,1578928321,6778,'ivancoene','3bot',407,NULL),(1578924916,1578934801,9885,'Jonaswijne','misc',408,NULL),(1578926161,1578932280,6119,'Kristofvanstappen','admin',409,'Local'),(1578932651,1578932761,110,'Kristofvanstappen','misc',410,'Local'),(1578953402,1578955681,2279,'tchielens','wallet',411,'VPN'),(1578951023,0,5400,'azertyalex','3botconnect',412,'Manual'),(1578956586,0,5400,'azertyalex','3botconnect',413,'Manual'),(1578984483,1578987122,2639,'jonaswijne','misc',414,'Local'),(1578987602,1579000802,13200,'jonaswijne','misc',415,'Local'),(1578987602,1579013281,24779,'JohnKarl','browser',416,'Local'),(1578988552,1579014001,25449,'ivancoene','3botconnect',417,'Local'),(1578990842,1579020122,29280,'tchielens','wallet',418,'Local'),(1578991142,1579012202,21060,'jdelrue','vlaio',419,'Local'),(1578992521,1579023121,30600,'Kristofvanstappen','admin',420,'VPN'),(1578994503,1578995342,839,'kendalf666','3bot',421,'Local'),(1578986312,0,8400,'kendalf666','3bot',422,'Manual'),(1578995041,1579020002,24961,'SingleCore','3botconnect',423,'Local'),(1578995661,1578996139,478,'kendalf666','3bot',424,'Local'),(1578995872,1579000681,4809,'azertyalex','browser',425,'Local'),(1578996630,1578996878,248,'kendalf666','3bot',426,'Local'),(1578997389,1579004593,7204,'kendalf666','3bot',427,'Local'),(1579000722,1579013762,13040,'azertyalex','3botconnect',428,NULL),(1579001522,1579011362,9840,'jonaswijne','pkid',429,'Local'),(1579012257,1579023386,11129,'kendalf666','3bot',430,'Local'),(1579016671,1579022881,6210,'jonaswijne','pkid',431,'Local'),(1579018561,1579020602,2041,'azertyalex','browser',432,'VPN'),(1579023615,1579025521,106,'jonaswijne','pkid',433,'Local'),(1579023806,1579025631,1825,'kendalf666','3bot',434,'Local'),(1579024132,0,1200,'Jonaswijne','misc',435,'Manual'),(1579019364,0,6000,'Jonaswijne','misc',436,'Manual'),(1579031402,1579036381,4979,'SingleCore','3botconnect',437,'VPN'),(1579041275,1579046230,4955,'kendalf666','misc',438,'Local'),(1579070643,1579087501,16858,'jonaswijne','pkid',439,'Local'),(1579073523,1579099921,26398,'JohnKarl','browser',440,'Local'),(1579075322,1579087322,12000,'tchielens','wallet',441,'Local'),(1579075440,1579109281,33841,'Kristofvanstappen','admin',442,'VPN'),(1579077361,1579114262,36901,'jdelrue','vlaio',443,'Local'),(1579080236,1579080430,194,'kendalf666','3bot',444,'Local'),(1579080720,1579100640,19920,'ivancoene','wallet',445,'Local'),(1579080963,1579104722,23759,'SingleCore','3botconnect',446,'Local'),(1579081643,1579106422,20279,'kendalf666','3bot',447,'Local'),(1579084802,1579093442,8640,'azertyalex','browser',448,'Local'),(1579082394,0,2700,'azertyalex','3botconnect',449,'Manual'),(1579087911,1579114622,26711,'tchielens','wallet',450,'Local'),(1579094703,1579111382,16679,'azertyalex','browser',451,'Local'),(1579088920,0,6000,'azertyalex','vlaio',452,'Manual'),(1579096400,1579104781,6581,'jonaswijne','pkid',453,'Local'),(1579105270,1579105502,232,'jonaswijne','misc',454,'Local'),(1579106028,1579106351,323,'jonaswijne','misc',455,'Local'),(1579111921,1579112281,360,'Kristofvanstappen','misc',456,'VPN'),(1579127314,0,7200,'Jonaswijne','pkid',457,'Manual'),(1579157601,1579189440,31839,'ivancoene','3bot',458,'Local'),(1579159922,1579188961,29039,'JohnKarl','browser',459,'Local'),(1579162226,1579173002,10776,'jonaswijne','pkid',460,'Local'),(1579163461,1579173001,9540,'tchielens','wallet',461,'Local'),(1579165958,1579189373,23415,'kendalf666','3bot',462,'Local'),(1579171502,1579181581,8279,'jdelrue','vlaio',463,'VPN'),(1579171801,1579174081,2280,'Kristofvanstappen','admin',464,'VPN'),(1579172191,1579182422,10231,'SingleCore','3botconnect',465,'VPN'),(1579173841,1579183082,9241,'tchielens','wallet',466,'Local'),(1579173961,1579189381,15420,'jonaswijne','pkid',467,'Local'),(1579175036,1579177922,2886,'azertyalex','browser',468,'Local'),(1579177970,1579189381,11411,'azertyalex','3botconnect',469,NULL),(1579178280,1579192441,14161,'Kristofvanstappen','admin',470,'VPN'),(1579183201,1579186261,3060,'jdelrue','vlaio',471,'VPN'),(1579183654,1579196402,12748,'tchielens','wallet',472,'Local'),(1579184402,1579188422,4020,'SingleCore','3botconnect',473,'VPN'),(1579188422,1579189862,1440,'jdelrue','vlaio',474,'VPN'),(1579191602,1579191602,0,'jonaswijne','misc',475,'Local'),(1579210922,1579212422,1500,'tchielens','wallet',476,'VPN'),(1579211642,1579213622,1980,'SingleCore','3botconnect',477,'VPN'),(1579247322,1579277282,29960,'JohnKarl','browser',478,'Local'),(1579248573,1579257422,8849,'jonaswijne','wallet',479,'Local'),(1579248720,1579251361,2641,'ivancoene','3bot',480,'Local'),(1579251662,1579259641,7979,'tchielens','wallet',481,'Local'),(1579251672,1579255681,4009,'ivancoene','3botconnect',482,'Local'),(1579252921,1579255238,2317,'Kristofvanstappen','misc',483,'VPN'),(1579253156,1579263721,10565,'SingleCore','3botconnect',484,'Local'),(1579256161,1579256161,0,'ivancoene','misc',485,'Local'),(1579256312,1579271877,15565,'kendalf666','3bot',486,'Local'),(1579256641,1579256641,0,'ivancoene','misc',487,'Local'),(1579257120,1579269635,12515,'ivancoene','3botconnect',488,'Local'),(1579257781,1579258802,1021,'jonaswijne','wallet',489,'Local'),(1579258478,1579281609,23131,'azertyalex','browser',490,'Local'),(1579260485,1579276982,16497,'jonaswijne','wallet',491,'Local'),(1579260903,1579279201,18298,'tchielens','wallet',492,'Local'),(1579264262,1579264442,180,'SingleCore','3botconnect',493,'Local'),(1579264801,1579279142,14341,'SingleCore','3botconnect',494,'Local'),(1579270045,1579271760,1715,'ivancoene','misc',495,'Local'),(1579272122,1579279861,7739,'jdelrue','admin',496,'Local'),(1579272201,1579281897,9696,'kendalf666','3bot',497,'Local'),(1579272354,1579274880,2526,'ivancoene','misc',498,'Local'),(1579273201,1579279801,6600,'Kristofvanstappen','admin',499,'Local'),(1579275337,1579275337,0,'ivancoene','misc',500,'Local'),(1579281361,1579281480,119,'Kristofvanstappen','misc',501,'Local'),(1579281611,1579281662,51,'jonaswijne','misc',502,'Local'),(1579283640,1579284241,601,'Kristofvanstappen','misc',503,'Local'),(1579284146,1579286162,2016,'jonaswijne','misc',504,'Local'),(1579284490,1579284495,5,'kendalf666','misc',505,'Local'),(1579285622,1579290482,4860,'jdelrue','misc',506,'Local'),(1579503360,1579515120,11760,'ivancoene','3botconnect',507,'Local'),(1579507684,1579519081,11397,'jonaswijne','pkid',508,'Local'),(1579507922,1579519201,11279,'tchielens','wallet',509,'Local'),(1579508162,1579535761,27599,'JohnKarl','browser',510,'Local'),(1579508281,1579521481,13200,'Kristofvanstappen','admin',511,'VPN'),(1579508281,1579508461,180,'jdelrue','misc',512,'Local'),(1579508822,1579533122,24300,'jdelrue','admin',513,'Local'),(1579512170,1579517743,5573,'kendalf666','misc',514,'Local'),(1579512242,1579536662,24420,'SingleCore','3botconnect',515,'Local'),(1579515782,1579532881,17099,'ivancoene','3botconnect',516,'Local'),(1579518073,1579527769,9696,'kendalf666','3bot',517,'Local'),(1579520261,1579525082,4821,'tchielens','wallet',518,'Local'),(1579520269,1579539542,19273,'jonaswijne','pkid',519,'Local'),(1579520692,1579522622,1930,'azertyalex','browser',520,'Local'),(1579523014,1579526042,3028,'azertyalex','3botconnect',521,'Local'),(1579526092,1579545962,19870,'azertyalex','kimeru',522,NULL),(1579527773,1579539866,12093,'kendalf666','3botconnect',523,NULL),(1579528368,1579539241,10873,'tchielens','wallet',524,'Local'),(1579528680,1579536000,7320,'Kristofvanstappen','admin',525,'VPN'),(1579540200,1579541521,1321,'Kristofvanstappen','admin',526,'VPN'),(1579547281,1579549441,2160,'Kristofvanstappen','admin',527,'VPN'),(1579557071,1579570692,13621,'azertyalex','kimeru',528,'VPN'),(1579560369,1579560446,77,'kendalf666','misc',529,'VPN'),(1579571862,0,600,'azertyalex','kimeru',530,'Manual'),(1579571398,0,1200,'azertyalex','kimeru',531,'Manual'),(1579589761,1579619766,30005,'ivancoene','3botconnect',532,'Local'),(1579591923,1579621202,29279,'JohnKarl','browser',533,'Local'),(1579594154,1579594561,407,'Kristofvanstappen','misc',534,'VPN'),(1579594358,1579625642,31284,'jdelrue','ci',535,'Local'),(1579594442,1579605722,11280,'tchielens','wallet',536,'Local'),(1579595381,1579604521,9140,'jonaswijne','pkid',537,'Local'),(1579597246,1579627802,30556,'SingleCore','3botconnect',538,'Local'),(1579599279,1579636947,36468,'kendalf666','3botconnect',539,'Local'),(1579603442,1579604282,840,'azertyalex','kimeru',540,'Local'),(1579603921,1579606920,2999,'Kristofvanstappen','admin',541,'Local'),(1579604314,1579631582,27268,'azertyalex','misc',542,NULL),(1579606262,1579624621,18359,'tchielens','wallet',543,'Local'),(1579606379,1579608661,2282,'jonaswijne','pkid',544,'Local'),(1579607521,1579608120,599,'Kristofvanstappen','admin',545,'Local'),(1579608482,1579608601,119,'Kristofvanstappen','misc',546,'Local'),(1579609800,1579609800,0,'Kristofvanstappen','misc',547,'Local'),(1579610497,1579622762,12265,'jonaswijne','pkid',548,'Local'),(1579610880,1579613281,2401,'Kristofvanstappen','admin',549,'Local'),(1579613640,1579620601,6961,'Kristofvanstappen','admin',550,'Local'),(1579620091,1579621681,1590,'ivancoene','misc',551,'Local'),(1579675978,1579706641,30663,'JohnKarl','browser',552,'Local'),(1579679881,1579692482,12601,'tchielens','wallet',553,'Local'),(1579682109,1579690441,8332,'jonaswijne','wallet',554,'Local'),(1579683520,1579690328,6808,'kendalf666','ci',555,'VPN'),(1579685042,1579699561,14519,'SingleCore','3botconnect',556,'Local'),(1579685942,1579725001,39059,'jdelrue','browser',557,'Local'),(1579686961,1579706161,19200,'ivancoene','3botconnect',558,'Local'),(1579692360,1579705321,12961,'Kristofvanstappen','admin',559,'VPN'),(1579693294,1579710542,17248,'tchielens','wallet',560,'Local'),(1579693312,1579708142,14830,'jonaswijne','pkid',561,'Local'),(1579695835,1579703361,7526,'kendalf666','ci',562,'VPN'),(1579698482,1579698782,300,'azertyalex','misc',563,'Local'),(1579701781,1579712522,10741,'SingleCore','3botconnect',564,'Local'),(1579704069,1579708686,4617,'kendalf666','ci',565,'VPN'),(1579706999,1579706999,0,'JohnKarl','misc',566,'Local'),(1579708777,1579711562,2785,'jonaswijne','wallet',567,'Local'),(1579710399,1579715921,5522,'kendalf666','ci',568,'VPN'),(1579715522,1579715522,0,'JohnKarl','misc',569,'VPN'),(1579718472,1579725121,6649,'Kristofvanstappen','misc',570,'VPN'),(1579718676,1579732322,13646,'azertyalex','kimeru',571,'Local'),(1579708029,0,10800,'azertyalex','kimeru',572,'Manual'),(1579765431,1579771322,5891,'jonaswijne','pkid',573,'Local'),(1579765489,1579774080,8591,'ivancoene','3botconnect',574,'Local'),(1579766629,1579789081,22452,'jdelrue','browser',575,'Local'),(1579768562,1579771321,2759,'tchielens','wallet',576,'Local'),(1579768803,1579801681,31978,'JohnKarl','browser',577,'Local'),(1579770481,1579772401,1920,'Kristofvanstappen','misc',578,'Local'),(1579772568,1579777801,5233,'tchielens','wallet',579,'Local'),(1579772581,1579795921,23340,'SingleCore','3botconnect',580,'Local'),(1579770827,0,1800,'tchielens','wallet',581,'Manual'),(1579772637,1579776661,4024,'jonaswijne','pkid',582,'Local'),(1579773121,1579779120,5999,'Kristofvanstappen','admin',583,'Local'),(1579774197,1579778646,4449,'ivancoene','3botconnect',584,NULL),(1579778947,1579781040,2093,'ivancoene','3botconnect',585,'Local'),(1579779976,1579798022,18046,'tchielens','wallet',586,'Local'),(1579780262,1579799821,19559,'azertyalex','browser',587,'Local'),(1579780802,1579794122,13320,'jonaswijne','wallet',588,'Local'),(1579780921,1579783201,2280,'Kristofvanstappen','admin',589,'Local'),(1579781432,1579781432,0,'ivancoene','misc',590,'Local'),(1579781792,1579790160,8368,'ivancoene','3botconnect',591,'Local'),(1579783863,1579789201,5338,'Kristofvanstappen','admin',592,'Local'),(1579784492,1579788571,4079,'kendalf666','ci',593,'Local'),(1579789778,1579809862,18884,'kendalf666','kimeru',594,'Local'),(1579788203,0,1800,'kendalf666','kimeru',595,'Manual'),(1579790640,1579795921,5281,'ivancoene','wallet',596,'Local'),(1579799851,1579805342,5491,'azertyalex','kimeru',597,NULL),(1579823484,0,1800,'azertyalex','kimeru',598,'Manual'),(1579850163,1579874881,24718,'JohnKarl','browser',599,'Local'),(1579853281,1579877761,24480,'ivancoene','browser',600,'Local'),(1579853749,1579874045,20296,'jdelrue','admin',601,'Local'),(1579853761,1579860240,6479,'Kristofvanstappen','admin',602,'VPN'),(1579854302,1579880401,26099,'tchielens','wallet',603,'Local'),(1579856522,1579883401,26879,'SingleCore','3botconnect',604,'Local'),(1579856701,1579865221,8520,'jonaswijne','wallet',605,'Local'),(1579858041,1579874302,16261,'kendalf666','kimeru',606,'Local'),(1579864621,1579865402,781,'azertyalex','kimeru',607,'VPN'),(1579862835,0,1800,'azertyalex','kimeru',608,'Manual'),(1579865807,1579872541,6734,'jonaswijne','wallet',609,'Local'),(1579868574,1579871222,2648,'azertyalex','kimeru',610,'Local'),(1579871225,1579889641,18416,'azertyalex','browser',611,NULL),(1579872601,1579872601,0,'Kristofvanstappen','misc',612,'VPN'),(1579872933,1579873442,509,'jonaswijne','pkid',613,'Local'),(1579874079,1579884481,10402,'jonaswijne','misc',614,'Local'),(1579874763,1579881000,6237,'kendalf666','kimeru',615,'Local'),(1579881469,1579882730,1261,'kendalf666','misc',616,'Local'),(1579889161,1579889400,239,'Kristofvanstappen','misc',617,'VPN'),(1579892042,1579894322,2280,'SingleCore','3botconnect',618,'VPN'),(1579888619,0,3600,'SingleCore','3botconnect',619,'Manual'),(1579957683,1579957923,240,'JohnKarl','browser',620,'VPN'),(1580108401,1580139601,31200,'ivancoene','browser',621,'Local'),(1580109241,1580118121,8880,'Kristofvanstappen','admin',622,'VPN'),(1580110322,1580142242,31920,'JohnKarl','browser',623,'Local'),(1580112182,1580120102,7920,'jdelrue','admin',624,'Local'),(1580114822,1580144221,29399,'tchielens','wallet',625,'Local'),(1580114941,1580142902,27961,'SingleCore','3botconnect',626,'Local'),(1580115844,1580127121,11277,'jonaswijne','wallet',627,'Local'),(1580116931,1580145230,28299,'kendalf666','kimeru',628,'Local'),(1580121490,1580123821,2331,'azertyalex','browser',629,'Local'),(1580123165,1580137201,14036,'jdelrue','admin',630,'Local'),(1580123823,1580127482,3659,'azertyalex','kimeru',631,NULL),(1580126760,1580136840,10080,'Kristofvanstappen','admin',632,'VPN'),(1580127528,1580148542,21014,'azertyalex','browser',633,NULL),(1580194795,1580226241,31446,'ivancoene','browser',634,'Local'),(1580197681,1580213041,15360,'Kristofvanstappen','admin',635,'VPN'),(1580199362,1580240882,41520,'SingleCore','3botconnect',636,'VPN'),(1580199963,1580209502,9539,'jonaswijne','wallet',637,'Local'),(1580200081,1580227201,27120,'JohnKarl','browser',638,'Local'),(1580200742,1580210282,9540,'tchielens','wallet',639,'Local'),(1580201102,1580212801,11699,'jdelrue','browser',640,'Local'),(1580202375,1580227748,25373,'kendalf666','kimeru',641,'Local'),(1580208938,1580239682,30744,'azertyalex','browser',642,'Local'),(1580210847,1580230742,19895,'tchielens','wallet',643,'Local'),(1580211374,1580244182,32808,'jonaswijne','wallet',644,'Local'),(1580213342,1580214422,1080,'jdelrue','3botconnect',645,'Local'),(1580232139,1580232240,101,'Kristofvanstappen','misc',646,'VPN'),(1580233922,1580234402,480,'JohnKarl','browser',647,'VPN'),(1580254622,1580258162,3540,'azertyalex','browser',648,'VPN'),(1580286362,1580298241,11879,'tchielens','wallet',649,'Local'),(1580286960,1580294040,7080,'Kristofvanstappen','admin',650,'Local'),(1580287202,1580317442,30240,'JohnKarl','browser',651,'Local'),(1580287682,1580293981,6299,'jdelrue','admin',652,'Local'),(1580288465,1580314321,25856,'SingleCore','3botconnect',653,'VPN'),(1580288989,1580309726,20737,'kendalf666','3bot',654,'Local'),(1580291041,1580310961,19920,'ivancoene','3bot',655,'Local'),(1580293263,1580294403,1140,'jonaswijne','wallet',656,'Local'),(1580295437,1580317142,21705,'azertyalex','browser',657,'Local'),(1580296302,1580308202,11900,'jonaswijne','wallet',658,'Local'),(1580299727,1580309701,9974,'tchielens','wallet',659,'Local'),(1580311082,1580317864,6782,'kendalf666','3bot',660,'Local'),(1580311082,1580317742,6660,'jdelrue','admin',661,'Local'),(1580311188,1580316902,5714,'tchielens','wallet',662,'Local'),(1580311365,1580328242,16877,'jonaswijne','wallet',663,'Local'),(1580311419,1580317441,6022,'ivancoene','browser',664,'Local'),(1580308858,0,2700,'Jonaswijne','wallet',665,'Manual'),(1580311561,1580317321,5760,'Kristofvanstappen','admin',666,'Local'),(1580300193,0,12000,'jdelrue','admin',667,'Manual'),(1580318100,1580318281,181,'jdelrue','misc',668,'Local'),(1580366641,1580375941,9300,'SingleCore','3botconnect',669,'VPN'),(1580367840,1580394961,27121,'ivancoene','3bot',670,'Local'),(1580370684,1580373361,2677,'jonaswijne','wallet',671,'Local'),(1580373182,1580384522,11340,'tchielens','wallet',672,'Local'),(1580373362,1580394961,21599,'JohnKarl','browser',673,'Local'),(1580375041,1580395080,20039,'Kristofvanstappen','admin',674,'VPN'),(1580375270,1580395179,19909,'kendalf666','3bot',675,'Local'),(1580376242,1580376423,181,'jonaswijne','wallet',676,'Local'),(1580376962,1580395142,18180,'jdelrue','wallet',677,'Local'),(1580377564,1580380082,2518,'jonaswijne','wallet',678,'Local'),(1580379260,1580381402,2142,'azertyalex','browser',679,'Local'),(1580380941,1580383261,2320,'jonaswijne','wallet',680,'Local'),(1580385662,1580395142,9480,'azertyalex','browser',681,'Local'),(1580385842,1580395141,9299,'SingleCore','3botconnect',682,'Local'),(1580386862,1580395142,8280,'jonaswijne','wallet',683,'Local'),(1580386868,1580395141,8273,'tchielens','wallet',684,'Local'),(1580396889,1580406913,10024,'kendalf666','3bot',685,'Local'),(1580396941,1580403421,6480,'jdelrue','browser',686,'Local'),(1580396941,1580401802,4861,'jonaswijne','wallet',687,'Local'),(1580396941,1580403482,6541,'tchielens','wallet',688,'Local'),(1580396942,1580403422,6480,'SingleCore','3botconnect',689,'Local'),(1580396942,1580405162,8220,'azertyalex','browser',690,'Local'),(1580395790,0,1200,'azertyalex','browser',691,'Manual'),(1580397001,1580399881,2880,'Kristofvanstappen','admin',692,'VPN'),(1580397121,1580402640,5519,'ivancoene','wallet',693,'Local'),(1580397122,1580402161,5039,'JohnKarl','browser',694,'Local'),(1580395611,0,1680,'kendalf666','3bot',695,'Manual'),(1580395640,0,1680,'SingleCore','3botconnect',696,'Manual'),(1580395821,0,1680,'Jonaswijne','wallet',697,'Manual'),(1580396563,0,1680,'jdelrue','browser',698,'Manual'),(1580396595,0,1680,'ivancoene','wallet',699,'Manual'),(1580396656,0,1680,'JohnKarl','browser',700,'Manual'),(1580403480,1580404921,1441,'Kristofvanstappen','admin',701,'VPN'),(1580403905,1580405282,1377,'jonaswijne','wallet',702,'Local'),(1580457361,1580466001,8640,'ivancoene','browser',703,'Local'),(1580458803,1580486642,27839,'JohnKarl','browser',704,'Local'),(1580458861,1580484781,25920,'jdelrue','admin',705,'Local'),(1580459041,1580460121,1080,'Kristofvanstappen','admin',706,'Local'),(1580460044,1580470502,10458,'tchielens','wallet',707,'Local'),(1580460265,1580463422,3157,'jonaswijne','wallet',708,'Local'),(1580461081,1580462521,1440,'Kristofvanstappen','admin',709,'Local'),(1580461262,1580484602,23340,'SingleCore','3botconnect',710,'Local'),(1580463840,1580469361,5521,'Kristofvanstappen','admin',711,'Local'),(1580464080,1580485007,20927,'kendalf666','misc',712,'Local'),(1580463567,0,600,'kendalf666','misc',713,'Manual'),(1580464171,1580464171,0,'kendalf666','3bot',714,NULL),(1580464802,1580469242,4440,'jonaswijne','wallet',715,'Local'),(1580466317,1580466317,0,'ivancoene','misc',716,'Local'),(1580466943,1580466960,17,'ivancoene','misc',717,'Local'),(1580467470,1580468761,1291,'azertyalex','misc',718,'Local'),(1580467854,1580468401,547,'ivancoene','misc',719,'Local'),(1580469797,1580469962,165,'azertyalex','misc',720,'Local'),(1580470008,1580491862,21854,'azertyalex','browser',721,NULL),(1580469433,0,600,'azertyalex','misc',722,'Manual'),(1580470321,1580481361,11040,'ivancoene','browser',723,'Local'),(1580471640,1580473921,2281,'Kristofvanstappen','admin',724,'Local'),(1580471788,1580480582,8794,'tchielens','wallet',725,'Local'),(1580471822,1580479382,7560,'jonaswijne','wallet',726,'Local'),(1580474880,1580485320,10440,'Kristofvanstappen','admin',727,'Local'),(1580482125,1580482125,0,'ivancoene','misc',728,'Local'),(1580484951,1580485502,551,'jonaswijne','wallet',729,'Local'),(1580481784,0,3600,'tchielens','wallet',730,'Manual'),(1580485386,1580486703,1317,'tchielens','wallet',731,'Local'),(1580485852,1580487062,1210,'jonaswijne','wallet',732,'Local'),(1580489131,1580491442,2311,'jonaswijne','wallet',733,'Local'),(1580489162,1580489523,361,'tchielens','admin',734,'VPN'),(1580495464,1580497382,1918,'tchielens','admin',735,'VPN'),(1580710321,1580722801,12480,'ivancoene','wallet',736,'VPN'),(1580717772,1580719921,2149,'JohnKarl','wallet',737,'Local'),(1580720074,1580738881,17007,'JohnKarl','wallet',738,NULL),(1580720201,0,1800,'JohnKarl','wallet',739,'Manual'),(1580722179,1580749415,27236,'kendalf666','wallet',740,'Local'),(1580722622,1580750342,27720,'SingleCore','wallet',741,'Local'),(1580723750,1580723761,11,'ivancoene','wallet',742,'VPN'),(1580725860,1580753102,27242,'azertyalex','wallet',743,'Local'),(1580730303,1580742721,12418,'jdelrue','wallet',744,'Local'),(1580730317,1580749382,19065,'tchielens','wallet',745,'Local'),(1580719622,0,10800,'tchielens','wallet',746,'Manual'),(1580728282,0,2400,'tchielens','wallet',747,'Manual'),(1580733920,1580757422,23502,'jonaswijne','wallet',748,'Local'),(1580725060,0,9600,'jdelrue','wallet',749,'Manual'),(1580736361,1580754721,18360,'Kristofvanstappen','wallet',750,'VPN'),(1580755554,1580755801,247,'Kristofvanstappen','wallet',751,'VPN'),(1580755623,1580756943,1020,'azertyalex','wallet',752,'VPN'),(1580755956,1580756401,445,'ivancoene','wallet',753,'VPN'),(1580758069,1580766361,8292,'jonaswijne','wallet',754,'Local'),(1580769260,1580777222,7962,'azertyalex','wallet',755,'VPN'),(1580795280,1580815681,20401,'ivancoene','wallet',756,'VPN'),(1580797622,1580825701,28079,'jdelrue','wallet',757,'Local'),(1580801549,1580826722,25173,'JohnKarl','wallet',758,'Local'),(1580803234,1580822334,19100,'kendalf666','wallet',759,'VPN'),(1580805241,1580835662,30421,'tchielens','wallet',760,'Local'),(1580808303,1580814902,6599,'jonaswijne','wallet',761,'Local'),(1580810461,1580837701,27240,'SingleCore','wallet',762,'Local'),(1580812201,1580815681,3480,'Kristofvanstappen','wallet',763,'VPN'),(1580816225,1580827921,11696,'jonaswijne','wallet',764,'Local'),(1580818181,1580828282,10101,'azertyalex','wallet',765,'Local'),(1580826053,1580826053,0,'kendalf666','wallet',766,'VPN'),(1580826459,1580826459,0,'kendalf666','wallet',767,'VPN'),(1580826961,1580835960,8999,'Kristofvanstappen','wallet',768,'VPN'),(1580827742,1580830982,3240,'kendalf666','wallet',769,'VPN'),(1580826022,0,1800,'kendalf666','wallet',770,'Manual'),(1580828309,1580834822,6513,'azertyalex','wallet',771,NULL),(1580833381,1580834581,1200,'kendalf666','wallet',772,'VPN'),(1580834861,1580839322,3261,'azertyalex','wallet',773,NULL),(1580842382,1580842802,420,'azertyalex','wallet',774,'VPN'),(1580880001,1580898961,18960,'ivancoene','wallet',775,'VPN'),(1580888462,1580889961,1499,'kendalf666','wallet',776,'VPN'),(1580884375,0,4200,'kendalf666','wallet',777,'Manual'),(1580886244,0,2400,'kendalf666','wallet',778,'Manual'),(1580888702,1580910841,22139,'jdelrue','wallet',779,'VPN'),(1580889121,1580934721,45600,'JohnKarl','wallet',780,'Local'),(1580890562,1580895122,4560,'kendalf666','wallet',781,'VPN'),(1580891846,1580901362,9516,'tchielens','wallet',782,'Local'),(1580894403,1580896861,2458,'jonaswijne','wallet',783,'Local'),(1580896687,1580923801,27114,'SingleCore','wallet',784,'Local'),(1580897219,1580900162,2943,'jonaswijne','wallet',785,'Local'),(1580900973,1580939101,38128,'azertyalex','wallet',786,'Local'),(1580902082,1580918701,16619,'jonaswijne','wallet',787,'Local'),(1580902082,1580922302,20220,'tchielens','wallet',788,'Local'),(1580921489,1580921506,17,'ivancoene','wallet',789,'VPN'),(1580967839,1580967959,120,'Kristofvanstappen','wallet',790,'VPN'),(1580968023,1580969879,1856,'Kristofvanstappen','wallet',791,NULL),(1580971201,1580990640,19439,'ivancoene','wallet',792,'VPN'),(1580970799,0,2640,'ivancoene','wallet',793,'Manual'),(1580975303,1581006421,31118,'jdelrue','wallet',794,'Local'),(1580975523,1581005042,29519,'JohnKarl','wallet',795,'Local'),(1580977382,1581006542,29160,'tchielens','wallet',796,'Local'),(1580980562,1581006542,25980,'SingleCore','wallet',797,'VPN'),(1580980803,1580998141,17338,'jonaswijne','wallet',798,'Local'),(1580982080,1580988321,6241,'kendalf666','wallet',799,'Local'),(1580958898,0,27000,'kendalf666','wallet',800,'Manual'),(1580988027,1580998502,10475,'azertyalex','wallet',801,'Local'),(1580997005,1581006586,9581,'kendalf666','wallet',802,'Local'),(1580998511,1581006542,8031,'azertyalex','wallet',803,NULL),(1580999355,1580999521,166,'ivancoene','wallet',804,'VPN'),(1581000728,1581006542,5814,'jonaswijne','wallet',805,'Local'),(1581000902,1581000902,0,'azertyalex','wallet',806,NULL),(1581007018,1581014825,7807,'kendalf666','3botapp',807,'Local'),(1581007021,1581014821,7800,'azertyalex','browser',808,'Local'),(1581007021,1581007442,421,'tchielens','3Bot_wallet',809,'Local'),(1581007021,1581009781,2760,'SingleCore','3bot',810,'VPN'),(1581007023,1581010081,3058,'jonaswijne','wallet',811,'Local'),(1581007081,1581007561,480,'Kristofvanstappen',NULL,812,'VPN'),(1581007141,1581008222,1081,'jdelrue',NULL,813,'Local'),(1581054721,1581062881,8160,'ivancoene','3bot',814,'VPN'),(1581059162,1581061381,2219,'tchielens','3Bot_wallet',815,'VPN'),(1581061441,1581062401,960,'Kristofvanstappen','mgmt',816,'VPN'),(1581062581,1581062941,360,'jdelrue',NULL,817,'Local'),(1581062880,1581062880,0,'Kristofvanstappen',NULL,818,'VPN');
/*!40000 ALTER TABLE `time_entries_fked` ENABLE KEYS */;
UNLOCK TABLES;
/*!40103 SET TIME_ZONE=@OLD_TIME_ZONE */;

/*!40101 SET SQL_MODE=@OLD_SQL_MODE */;
/*!40014 SET FOREIGN_KEY_CHECKS=@OLD_FOREIGN_KEY_CHECKS */;
/*!40014 SET UNIQUE_CHECKS=@OLD_UNIQUE_CHECKS */;
/*!40101 SET CHARACTER_SET_CLIENT=@OLD_CHARACTER_SET_CLIENT */;
/*!40101 SET CHARACTER_SET_RESULTS=@OLD_CHARACTER_SET_RESULTS */;
/*!40101 SET COLLATION_CONNECTION=@OLD_COLLATION_CONNECTION */;
/*!40111 SET SQL_NOTES=@OLD_SQL_NOTES */;

-- Dump completed on 2020-02-27 15:05:03
